0
1023
1023
0
0
0
1023
1
1023
2
2
1
1023
3
3
2
1023
4
1023
5
5
3
1023
6
1023
7
1023
8
1023
9
9
4
1023
10
10
5
1023
11
11
6
1023
12
1023
13
1023
14
14
7
1023
15
15
8
1023
16
1023
17
17
9
1023
18
18
10
1023
19
1023
20
20
11
1023
21
21
12
1023
22
1023
23
23
13
1023
24
24
14
1023
25
1023
26
1023
27
27
15
1023
28
1023
29
29
16
1023
30
30
17
1023
31
31
18
1023
32
32
19
1023
33
33
20
1023
34
1023
35
35
21
1023
36
1023
37
37
22
1023
38
1023
39
1023
40
40
23
1023
41
41
24
1023
42
1023
43
43
25
1023
44
44
26
1023
45
45
27
1023
46
46
28
1023
47
47
29
1023
48
48
30
1023
49
49
31
1023
50
1023
51
1023
52
52
32
1023
53
53
33
1023
54
54
34
1023
55
55
35
1023
56
1023
57
57
36
1023
58
58
37
1023
59
59
38
1023
60
1023
61
61
39
1023
62
62
40
1023
63
63
41
1023
64
1023
65
1023
66
1023
67
67
42
1023
68
1023
69
1023
70
70
43
1023
71
71
44
1023
72
72
45
1023
73
1023
74
74
46
1023
75
1023
76
1023
77
77
47
1023
78
1023
79
1023
80
80
48
1023
81
81
49
1023
82
1023
83
83
50
1023
84
1023
85
1023
86
86
51
1023
87
87
52
1023
88
1023
89
1023
90
90
53
1023
91
91
54
1023
92
1023
93
93
55
1023
94
1023
95
95
56
1023
96
1023
97
97
57
1023
98
98
58
1023
99
99
59
1023
100
1023
101
101
60
1023
102
1023
103
1023
104
104
61
1023
105
1023
106
106
62
1023
107
107
63
1023
108
108
64
1023
109
1023
110
1023
111
111
65
1023
112
1023
113
113
66
1023
114
114
67
1023
115
115
68
1023
116
1023
117
117
69
1023
118
118
70
1023
119
1023
120
120
71
1023
121
1023
122
1023
123
123
72
1023
124
1023
125
125
73
1023
126
1023
127
127
74
1023
128
1023
129
129
75
1023
130
1023
131
131
76
1023
132
1023
133
133
77
1023
134
134
78
1023
135
135
79
1023
136
1023
137
137
80
1023
138
138
81
1023
139
139
82
1023
140
140
83
1023
141
1023
142
1023
143
143
84
1023
144
144
85
1023
145
145
86
1023
146
146
87
1023
147
147
88
1023
148
1023
149
1023
150
1023
151
151
89
1023
152
152
90
1023
153
153
91
1023
154
154
92
1023
155
155
93
1023
156
156
94
1023
157
157
95
1023
158
158
96
1023
159
159
97
1023
160
160
98
1023
161
1023
162
1023
163
1023
164
164
99
1023
165
165
100
1023
166
1023
167
167
101
1023
168
168
102
1023
169
169
103
1023
170
1023
171
171
104
1023
172
1023
173
1023
174
174
105
1023
175
175
106
1023
176
176
107
1023
177
177
108
1023
178
1023
179
1023
180
180
109
1023
181
1023
182
182
110
1023
183
183
111
1023
184
184
112
1023
185
185
113
1023
186
186
114
1023
187
187
115
1023
188
188
116
1023
189
189
117
1023
190
190
118
1023
191
1023
192
1023
193
193
119
1023
194
194
120
1023
195
1023
196
196
121
1023
197
197
122
1023
198
1023
199
199
123
1023
200
200
124
1023
201
201
125
1023
202
202
126
1023
203
1023
204
1023
205
205
127
1023
206
206
128
1023
207
207
129
1023
208
208
130
1023
209
1023
210
210
131
1023
211
211
132
1023
212
212
133
1023
213
1023
214
214
134
1023
215
215
135
1023
216
1023
217
217
136
1023
218
218
137
1023
219
219
138
1023
220
220
139
1023
221
221
140
1023
222
1023
223
223
141
1023
224
224
142
1023
225
1023
226
226
143
1023
227
227
144
1023
228
228
145
1023
229
229
146
1023
230
1023
231
231
147
1023
232
1023
233
1023
234
234
148
1023
235
235
149
1023
236
1023
237
237
150
1023
238
238
151
1023
239
1023
240
1023
241
1023
242
1023
243
243
152
1023
244
244
153
1023
245
245
154
1023
246
246
155
1023
247
1023
248
248
156
1023
249
249
157
1023
250
250
158
1023
251
1023
252
252
159
1023
253
1023
254
254
160
1023
255
255
161
1023
256
256
162
1023
257
1023
258
258
163
1023
259
259
164
1023
260
260
165
1023
261
261
166
1023
262
1023
263
1023
264
264
167
1023
265
1023
266
266
168
1023
267
267
169
1023
268
1023
269
269
170
1023
270
270
171
1023
271
271
172
1023
272
272
173
1023
273
273
174
1023
274
274
175
1023
275
1023
276
276
176
1023
277
277
177
1023
278
278
178
1023
279
279
179
1023
280
280
180
1023
281
1023
282
282
181
1023
283
283
182
1023
284
284
183
1023
285
1023
286
286
184
1023
287
1023
288
288
185
1023
289
1023
290
1023
291
1023
292
1023
293
293
186
1023
294
294
187
1023
295
1023
296
296
188
1023
297
297
189
1023
298
298
190
1023
299
1023
300
1023
301
301
191
1023
302
302
192
1023
303
303
193
1023
304
304
194
1023
305
305
195
1023
306
1023
307
1023
308
308
196
1023
309
309
197
1023
310
310
198
1023
311
1023
312
312
199
1023
313
313
200
1023
314
1023
315
315
201
1023
316
1023
317
317
202
1023
318
1023
319
1023
320
320
203
1023
321
321
204
1023
322
322
205
1023
323
323
206
1023
324
1023
325
325
207
1023
326
326
208
1023
327
327
209
1023
328
328
210
1023
329
1023
330
330
211
1023
331
1023
332
332
212
1023
333
333
213
1023
334
334
214
1023
335
1023
336
336
215
1023
337
1023
338
1023
339
339
216
1023
340
340
217
1023
341
341
218
1023
342
342
219
1023
343
1023
344
1023
345
1023
346
346
220
1023
347
347
221
1023
348
348
222
1023
349
349
223
1023
350
350
224
1023
351
351
225
1023
352
352
226
1023
353
353
227
1023
354
354
228
1023
355
1023
356
356
229
1023
357
357
230
1023
358
1023
359
359
231
1023
360
360
232
1023
361
361
233
1023
362
362
234
1023
363
1023
364
1023
365
365
235
1023
366
366
236
1023
367
367
237
1023
368
1023
369
1023
370
370
238
1023
371
371
239
1023
372
372
240
1023
373
373
241
1023
374
374
242
1023
375
1023
376
376
243
1023
377
377
244
1023
378
378
245
1023
379
379
246
1023
380
1023
381
381
247
1023
382
382
248
1023
383
383
249
1023
384
384
250
1023
385
1023
386
386
251
1023
387
1023
388
1023
389
389
252
1023
390
390
253
1023
391
1023
392
1023
393
1023
394
394
254
1023
395
395
255
1023
396
1023
397
397
256
1023
398
1023
399
1023
400
1023
401
401
257
1023
402
1023
403
1023
404
1023
405
405
258
1023
406
406
259
1023
407
1023
408
1023
409
409
260
1023
410
410
261
1023
411
411
262
1023
412
412
263
1023
413
1023
414
414
264
1023
415
415
265
1023
416
416
266
1023
417
1023
418
418
267
1023
419
419
268
1023
420
420
269
1023
421
1023
422
422
270
1023
423
1023
424
1023
425
425
271
1023
426
426
272
1023
427
427
273
1023
428
428
274
1023
429
429
275
1023
430
430
276
1023
431
431
277
1023
432
1023
433
433
278
1023
434
1023
435
435
279
1023
436
436
280
1023
437
437
281
1023
438
1023
439
1023
440
440
282
1023
441
1023
442
442
283
1023
443
443
284
1023
444
444
285
1023
445
445
286
1023
446
446
287
1023
447
447
288
1023
448
448
289
1023
449
449
290
1023
450
450
291
1023
451
1023
452
452
292
1023
453
1023
454
454
293
1023
455
455
294
1023
456
1023
457
457
295
1023
458
458
296
1023
459
1023
460
460
297
1023
461
461
298
1023
462
462
299
1023
463
1023
464
464
300
1023
465
465
301
1023
466
1023
467
1023
468
468
302
1023
469
469
303
1023
470
470
304
1023
471
471
305
1023
472
1023
473
473
306
1023
474
474
307
1023
475
475
308
1023
476
1023
477
477
309
1023
478
478
310
1023
479
479
311
1023
480
480
312
1023
481
481
313
1023
482
482
314
1023
483
483
315
1023
484
484
316
1023
485
1023
486
1023
487
487
317
1023
488
488
318
1023
489
1023
490
1023
491
491
319
1023
492
1023
493
493
320
1023
494
494
321
1023
495
495
322
1023
496
496
323
1023
497
497
324
1023
498
1023
499
499
325
1023
500
500
326
1023
501
501
327
1023
502
502
328
1023
503
1023
504
1023
505
505
329
1023
506
1023
507
507
330
1023
508
1023
509
509
331
1023
510
510
332
1023
511
511
333
1023
512
512
334
1023
513
513
335
1023
514
1023
515
515
336
1023
516
516
337
1023
517
517
338
1023
518
518
339
1023
519
519
340
1023
520
520
341
1023
521
1023
522
1023
523
523
342
1023
524
1023
525
525
343
1023
526
526
344
1023
527
527
345
1023
528
528
346
1023
529
529
347
1023
530
530
348
1023
531
1023
532
1023
533
533
349
1023
534
1023
535
535
350
1023
536
1023
537
537
351
1023
538
1023
539
539
352
1023
540
1023
541
541
353
1023
542
542
354
1023
543
543
355
1023
544
544
356
1023
545
545
357
1023
546
1023
547
1023
548
1023
549
1023
550
1023
551
551
358
1023
552
552
359
1023
553
553
360
1023
554
554
361
1023
555
1023
556
1023
557
557
362
1023
558
558
363
1023
559
1023
560
1023
561
561
364
1023
562
562
365
1023
563
1023
564
1023
565
565
366
1023
566
566
367
1023
567
1023
568
1023
569
569
368
1023
570
570
369
1023
571
571
370
1023
572
1023
573
573
371
1023
574
574
372
1023
575
575
373
1023
576
576
374
1023
577
1023
578
578
375
1023
579
579
376
1023
580
1023
581
581
377
1023
582
582
378
1023
583
583
379
1023
584
584
380
1023
585
585
381
1023
586
586
382
1023
587
587
383
1023
588
588
384
1023
589
589
385
1023
590
590
386
1023
591
591
387
1023
592
592
388
1023
593
1023
594
594
389
1023
595
595
390
1023
596
596
391
1023
597
1023
598
598
392
1023
599
599
393
1023
600
600
394
1023
601
1023
602
1023
603
603
395
1023
604
604
396
1023
605
605
397
1023
606
606
398
1023
607
1023
608
608
399
1023
609
1023
610
610
400
1023
611
1023
612
612
401
1023
613
1023
614
1023
615
615
402
1023
616
616
403
1023
617
1023
618
618
404
1023
619
619
405
1023
620
620
406
1023
621
1023
622
622
407
1023
623
623
408
1023
624
624
409
1023
625
625
410
1023
626
626
411
1023
627
627
412
1023
628
628
413
1023
629
629
414
1023
630
630
415
1023
631
631
416
1023
632
632
417
1023
633
633
418
1023
634
1023
635
635
419
1023
636
1023
637
637
420
1023
638
638
421
1023
639
639
422
1023
640
640
423
1023
641
641
424
1023
642
1023
643
1023
644
644
425
1023
645
1023
646
646
426
1023
647
1023
648
1023
649
649
427
1023
650
650
428
1023
651
1023
652
652
429
1023
653
653
430
1023
654
654
431
1023
655
655
432
1023
656
656
433
1023
657
1023
658
1023
659
659
434
1023
660
1023
661
661
435
1023
662
1023
663
1023
664
1023
665
665
436
1023
666
666
437
1023
667
1023
668
668
438
1023
669
1023
670
1023
671
671
439
1023
672
1023
673
673
440
1023
674
674
441
1023
675
675
442
1023
676
1023
677
677
443
1023
678
678
444
1023
679
679
445
1023
680
680
446
1023
681
681
447
1023
682
682
448
1023
683
683
449
1023
684
1023
685
685
450
1023
686
686
451
1023
687
687
452
1023
688
1023
689
1023
690
690
453
1023
691
691
454
1023
692
692
455
1023
693
693
456
1023
694
694
457
1023
695
1023
696
696
458
1023
697
697
459
1023
698
1023
699
699
460
1023
700
700
461
1023
701
1023
702
1023
703
1023
704
1023
705
705
462
1023
706
706
463
1023
707
707
464
1023
708
708
465
1023
709
709
466
1023
710
710
467
1023
711
1023
712
712
468
1023
713
713
469
1023
714
714
470
1023
715
1023
716
1023
717
1023
718
1023
719
1023
720
1023
721
721
471
1023
722
1023
723
723
472
1023
724
724
473
1023
725
1023
726
726
474
1023
727
1023
728
1023
729
1023
730
1023
731
731
475
1023
732
732
476
1023
733
1023
734
734
477
1023
735
1023
736
736
478
1023
737
737
479
1023
738
1023
739
739
480
1023
740
740
481
1023
741
1023
742
1023
743
743
482
1023
744
1023
745
745
483
1023
746
1023
747
747
484
1023
748
748
485
1023
749
1023
750
750
486
1023
751
1023
752
1023
753
753
487
1023
754
1023
755
755
488
1023
756
756
489
1023
757
757
490
1023
758
1023
759
1023
760
1023
761
761
491
1023
762
762
492
1023
763
1023
764
764
493
1023
765
765
494
1023
766
766
495
1023
767
767
496
1023
768
768
497
1023
769
1023
770
770
498
1023
771
771
499
1023
772
772
500
1023
773
773
501
1023
774
774
502
1023
775
1023
776
776
503
1023
777
1023
778
778
504
1023
779
779
505
1023
780
780
506
1023
781
781
507
1023
782
782
508
1023
783
783
509
1023
784
1023
785
785
510
1023
786
786
511
1023
787
1023
788
788
512
1023
789
1023
790
1023
791
791
513
1023
792
1023
793
1023
794
794
514
1023
795
1023
796
796
515
1023
797
1023
798
798
516
1023
799
799
517
1023
800
800
518
1023
801
801
519
1023
802
802
520
1023
803
803
521
1023
804
1023
805
1023
806
806
522
1023
807
807
523
1023
808
808
524
1023
809
1023
810
810
525
1023
811
811
526
1023
812
812
527
1023
813
813
528
1023
814
814
529
1023
815
1023
816
816
530
1023
817
817
531
1023
818
818
532
1023
819
819
533
1023
820
1023
821
821
534
1023
822
822
535
1023
823
823
536
1023
824
824
537
1023
825
1023
826
1023
827
827
538
1023
828
828
539
1023
829
829
540
1023
830
1023
831
831
541
1023
832
832
542
1023
833
833
543
1023
834
834
544
1023
835
835
545
1023
836
836
546
1023
837
837
547
1023
838
838
548
1023
839
839
549
1023
840
840
550
1023
841
1023
842
842
551
1023
843
843
552
1023
844
844
553
1023
845
845
554
1023
846
846
555
1023
847
1023
848
1023
849
849
556
1023
850
1023
851
1023
852
852
557
1023
853
1023
854
854
558
1023
855
855
559
1023
856
856
560
1023
857
1023
858
1023
859
859
561
1023
860
860
562
1023
861
861
563
1023
862
862
564
1023
863
1023
864
1023
865
1023
866
866
565
1023
867
867
566
1023
868
868
567
1023
869
1023
870
1023
871
871
568
1023
872
872
569
1023
873
1023
874
874
570
1023
875
1023
876
1023
877
877
571
1023
878
878
572
1023
879
879
573
1023
880
880
574
1023
881
881
575
1023
882
882
576
1023
883
1023
884
884
577
1023
885
885
578
1023
886
886
579
1023
887
887
580
1023
888
888
581
1023
889
889
582
1023
890
890
583
1023
891
891
584
1023
892
1023
893
1023
894
1023
895
1023
896
896
585
1023
897
1023
898
898
586
1023
899
899
587
1023
900
900
588
1023
901
1023
902
902
589
1023
903
1023
904
904
590
1023
905
1023
906
906
591
1023
907
907
592
1023
908
908
593
1023
909
909
594
1023
910
1023
911
1023
912
1023
913
913
595
1023
914
914
596
1023
915
915
597
1023
916
916
598
1023
917
1023
918
918
599
1023
919
919
600
1023
920
1023
921
921
601
1023
922
1023
923
1023
924
924
602
1023
925
925
603
1023
926
926
604
1023
927
927
605
1023
928
928
606
1023
929
929
607
1023
930
930
608
1023
931
1023
932
932
609
1023
933
1023
934
1023
935
935
610
1023
936
936
611
1023
937
937
612
1023
938
938
613
1023
939
1023
940
940
614
1023
941
1023
942
942
615
1023
943
943
616
1023
944
1023
945
945
617
1023
946
946
618
1023
947
947
619
1023
948
1023
949
949
620
1023
950
1023
951
1023
952
952
621
1023
953
953
622
1023
954
1023
955
955
623
1023
956
1023
957
957
624
1023
958
958
625
1023
959
959
626
1023
960
960
627
1023
961
1023
962
1023
963
1023
964
1023
965
965
628
1023
966
966
629
1023
967
967
630
1023
968
968
631
1023
969
969
632
1023
970
970
633
1023
971
971
634
1023
972
1023
973
973
635
1023
974
1023
975
1023
976
1023
977
1023
978
1023
979
979
636
1023
980
980
637
1023
981
981
638
1023
982
1023
983
1023
984
1023
985
985
639
1023
986
1023
987
987
640
1023
988
988
641
1023
989
989
642
1023
990
1023
991
991
643
1023
992
992
644
1023
993
993
645
1023
994
1023
995
995
646
1023
996
1023
997
1023
998
1023
999
999
647
1023
1000
1000
648
1023
1001
1001
649
1023
1002
1002
650
1023
1003
1023
1004
1023
1005
1023
1006
1006
651
1023
1007
1007
652
1023
1008
1023
1009
1009
653
1023
1010
1023
1011
1011
654
1023
1012
1023
1013
1013
655
1023
1014
1014
656
1023
1015
1015
657
1023
1016
1016
658
1023
1017
1017
659
1023
1018
1018
660
1023
1019
1023
1020
1023
1021
1021
661
1023
1022
1022
662
1023
663
0
662
662
0
0
0
662
1
662
2
2
1
662
3
3
2
662
4
4
3
662
5
5
4
662
6
662
7
662
8
8
5
662
9
9
6
662
10
10
7
662
11
11
8
662
12
12
9
662
13
13
10
662
14
14
11
662
15
662
16
16
12
662
17
17
13
662
18
662
19
662
20
662
21
21
14
662
22
22
15
662
23
662
24
662
25
25
16
662
26
662
27
27
17
662
28
662
29
29
18
662
30
30
19
662
31
31
20
662
32
662
33
662
34
662
35
35
21
662
36
36
22
662
37
37
23
662
38
38
24
662
39
662
40
40
25
662
41
41
26
662
42
42
27
662
43
43
28
662
44
662
45
45
29
662
46
46
30
662
47
662
48
662
49
662
50
662
51
662
52
52
31
662
53
662
54
54
32
662
55
662
56
56
33
662
57
662
58
662
59
662
60
662
61
61
34
662
62
662
63
63
35
662
64
64
36
662
65
65
37
662
66
662
67
662
68
662
69
69
38
662
70
662
71
71
39
662
72
72
40
662
73
662
74
74
41
662
75
75
42
662
76
76
43
662
77
77
44
662
78
78
45
662
79
79
46
662
80
662
81
662
82
662
83
662
84
84
47
662
85
85
48
662
86
86
49
662
87
662
88
88
50
662
89
662
90
662
91
91
51
662
92
92
52
662
93
93
53
662
94
662
95
662
96
96
54
662
97
97
55
662
98
98
56
662
99
662
100
662
101
662
102
102
57
662
103
103
58
662
104
104
59
662
105
662
106
106
60
662
107
107
61
662
108
108
62
662
109
109
63
662
110
110
64
662
111
111
65
662
112
112
66
662
113
113
67
662
114
114
68
662
115
115
69
662
116
116
70
662
117
117
71
662
118
118
72
662
119
662
120
662
121
121
73
662
122
662
123
662
124
124
74
662
125
662
126
662
127
127
75
662
128
662
129
129
76
662
130
130
77
662
131
662
132
662
133
133
78
662
134
134
79
662
135
135
80
662
136
136
81
662
137
137
82
662
138
138
83
662
139
662
140
662
141
662
142
142
84
662
143
662
144
144
85
662
145
145
86
662
146
146
87
662
147
147
88
662
148
148
89
662
149
149
90
662
150
662
151
662
152
662
153
153
91
662
154
662
155
662
156
662
157
662
158
158
92
662
159
159
93
662
160
160
94
662
161
662
162
162
95
662
163
662
164
662
165
662
166
662
167
662
168
168
96
662
169
169
97
662
170
662
171
171
98
662
172
172
99
662
173
662
174
174
100
662
175
175
101
662
176
176
102
662
177
662
178
662
179
179
103
662
180
662
181
181
104
662
182
662
183
662
184
662
185
185
105
662
186
662
187
187
106
662
188
188
107
662
189
662
190
190
108
662
191
191
109
662
192
192
110
662
193
193
111
662
194
194
112
662
195
662
196
196
113
662
197
197
114
662
198
662
199
662
200
200
115
662
201
201
116
662
202
662
203
203
117
662
204
204
118
662
205
662
206
662
207
207
119
662
208
662
209
662
210
210
120
662
211
662
212
662
213
662
214
214
121
662
215
215
122
662
216
662
217
217
123
662
218
662
219
662
220
662
221
221
124
662
222
222
125
662
223
223
126
662
224
224
127
662
225
225
128
662
226
662
227
227
129
662
228
662
229
662
230
230
130
662
231
231
131
662
232
662
233
662
234
662
235
235
132
662
236
662
237
237
133
662
238
662
239
239
134
662
240
240
135
662
241
241
136
662
242
242
137
662
243
662
244
244
138
662
245
245
139
662
246
246
140
662
247
247
141
662
248
248
142
662
249
662
250
250
143
662
251
662
252
252
144
662
253
253
145
662
254
254
146
662
255
255
147
662
256
662
257
257
148
662
258
662
259
259
149
662
260
662
261
261
150
662
262
262
151
662
263
662
264
264
152
662
265
265
153
662
266
266
154
662
267
267
155
662
268
268
156
662
269
662
270
662
271
662
272
272
157
662
273
273
158
662
274
662
275
275
159
662
276
662
277
277
160
662
278
278
161
662
279
279
162
662
280
280
163
662
281
281
164
662
282
662
283
283
165
662
284
284
166
662
285
285
167
662
286
286
168
662
287
287
169
662
288
288
170
662
289
289
171
662
290
662
291
662
292
292
172
662
293
293
173
662
294
294
174
662
295
295
175
662
296
296
176
662
297
662
298
298
177
662
299
662
300
662
301
301
178
662
302
662
303
303
179
662
304
662
305
662
306
306
180
662
307
662
308
308
181
662
309
662
310
662
311
311
182
662
312
312
183
662
313
662
314
662
315
315
184
662
316
316
185
662
317
317
186
662
318
662
319
662
320
320
187
662
321
321
188
662
322
322
189
662
323
323
190
662
324
662
325
325
191
662
326
326
192
662
327
662
328
662
329
329
193
662
330
330
194
662
331
331
195
662
332
332
196
662
333
662
334
662
335
662
336
662
337
337
197
662
338
338
198
662
339
662
340
340
199
662
341
341
200
662
342
342
201
662
343
662
344
344
202
662
345
345
203
662
346
662
347
662
348
348
204
662
349
349
205
662
350
350
206
662
351
351
207
662
352
352
208
662
353
353
209
662
354
354
210
662
355
662
356
662
357
662
358
662
359
662
360
360
211
662
361
361
212
662
362
662
363
662
364
662
365
662
366
662
367
367
213
662
368
662
369
369
214
662
370
662
371
662
372
372
215
662
373
373
216
662
374
662
375
375
217
662
376
376
218
662
377
662
378
662
379
379
219
662
380
380
220
662
381
381
221
662
382
662
383
662
384
662
385
662
386
662
387
387
222
662
388
662
389
662
390
662
391
391
223
662
392
392
224
662
393
662
394
662
395
662
396
662
397
397
225
662
398
662
399
399
226
662
400
400
227
662
401
662
402
402
228
662
403
403
229
662
404
404
230
662
405
405
231
662
406
406
232
662
407
407
233
662
408
408
234
662
409
662
410
662
411
662
412
662
413
413
235
662
414
662
415
662
416
662
417
417
236
662
418
418
237
662
419
419
238
662
420
662
421
662
422
662
423
662
424
662
425
425
239
662
426
426
240
662
427
427
241
662
428
428
242
662
429
429
243
662
430
662
431
431
244
662
432
662
433
662
434
662
435
435
245
662
436
436
246
662
437
437
247
662
438
662
439
662
440
440
248
662
441
441
249
662
442
662
443
662
444
444
250
662
445
662
446
446
251
662
447
447
252
662
448
448
253
662
449
662
450
450
254
662
451
451
255
662
452
662
453
453
256
662
454
454
257
662
455
662
456
662
457
457
258
662
458
662
459
459
259
662
460
460
260
662
461
461
261
662
462
662
463
662
464
662
465
465
262
662
466
466
263
662
467
467
264
662
468
662
469
469
265
662
470
662
471
662
472
662
473
473
266
662
474
662
475
662
476
476
267
662
477
477
268
662
478
478
269
662
479
479
270
662
480
480
271
662
481
481
272
662
482
482
273
662
483
483
274
662
484
662
485
662
486
662
487
662
488
662
489
489
275
662
490
662
491
662
492
492
276
662
493
662
494
662
495
662
496
496
277
662
497
662
498
662
499
499
278
662
500
500
279
662
501
662
502
502
280
662
503
503
281
662
504
504
282
662
505
505
283
662
506
506
284
662
507
662
508
508
285
662
509
509
286
662
510
510
287
662
511
662
512
662
513
662
514
662
515
515
288
662
516
516
289
662
517
517
290
662
518
662
519
662
520
662
521
521
291
662
522
522
292
662
523
523
293
662
524
524
294
662
525
525
295
662
526
526
296
662
527
527
297
662
528
662
529
529
298
662
530
530
299
662
531
662
532
662
533
533
300
662
534
662
535
535
301
662
536
536
302
662
537
662
538
662
539
539
303
662
540
540
304
662
541
541
305
662
542
542
306
662
543
662
544
662
545
662
546
662
547
547
307
662
548
662
549
662
550
550
308
662
551
551
309
662
552
662
553
553
310
662
554
554
311
662
555
555
312
662
556
556
313
662
557
662
558
558
314
662
559
662
560
662
561
561
315
662
562
562
316
662
563
563
317
662
564
564
318
662
565
565
319
662
566
566
320
662
567
567
321
662
568
568
322
662
569
662
570
570
323
662
571
571
324
662
572
662
573
573
325
662
574
574
326
662
575
575
327
662
576
576
328
662
577
577
329
662
578
578
330
662
579
579
331
662
580
662
581
581
332
662
582
582
333
662
583
583
334
662
584
584
335
662
585
585
336
662
586
586
337
662
587
587
338
662
588
588
339
662
589
662
590
662
591
591
340
662
592
662
593
662
594
594
341
662
595
662
596
596
342
662
597
597
343
662
598
662
599
599
344
662
600
600
345
662
601
662
602
602
346
662
603
603
347
662
604
662
605
605
348
662
606
606
349
662
607
607
350
662
608
662
609
662
610
610
351
662
611
611
352
662
612
662
613
662
614
614
353
662
615
615
354
662
616
616
355
662
617
617
356
662
618
662
619
619
357
662
620
620
358
662
621
662
622
662
623
623
359
662
624
662
625
662
626
662
627
662
628
628
360
662
629
662
630
662
631
631
361
662
632
632
362
662
633
662
634
634
363
662
635
635
364
662
636
636
365
662
637
637
366
662
638
662
639
639
367
662
640
662
641
662
642
642
368
662
643
662
644
662
645
645
369
662
646
662
647
662
648
648
370
662
649
649
371
662
650
650
372
662
651
651
373
662
652
652
374
662
653
653
375
662
654
662
655
655
376
662
656
656
377
662
657
662
658
658
378
662
659
659
379
662
660
660
380
662
661
661
381
662
382
0
381
381
0
0
0
381
1
1
1
381
2
2
2
381
3
3
3
381
4
4
4
381
5
5
5
381
6
6
6
381
7
7
7
381
8
8
8
381
9
9
9
381
10
10
10
381
11
381
12
12
11
381
13
13
12
381
14
14
13
381
15
15
14
381
16
16
15
381
17
17
16
381
18
18
17
381
19
19
18
381
20
20
19
381
21
21
20
381
22
22
21
381
23
23
22
381
24
24
23
381
25
25
24
381
26
26
25
381
27
27
26
381
28
28
27
381
29
29
28
381
30
30
29
381
31
31
30
381
32
32
31
381
33
33
32
381
34
34
33
381
35
35
34
381
36
36
35
381
37
37
36
381
38
38
37
381
39
39
38
381
40
40
39
381
41
41
40
381
42
42
41
381
43
43
42
381
44
44
43
381
45
45
44
381
46
46
45
381
47
47
46
381
48
48
47
381
49
49
48
381
50
50
49
381
51
51
50
381
52
52
51
381
53
53
52
381
54
54
53
381
55
55
54
381
56
56
55
381
57
57
56
381
58
58
57
381
59
59
58
381
60
60
59
381
61
61
60
381
62
62
61
381
63
381
64
64
62
381
65
65
63
381
66
66
64
381
67
381
68
68
65
381
69
69
66
381
70
70
67
381
71
71
68
381
72
72
69
381
73
73
70
381
74
74
71
381
75
75
72
381
76
76
73
381
77
77
74
381
78
78
75
381
79
79
76
381
80
80
77
381
81
81
78
381
82
82
79
381
83
83
80
381
84
84
81
381
85
85
82
381
86
86
83
381
87
87
84
381
88
88
85
381
89
89
86
381
90
90
87
381
91
91
88
381
92
92
89
381
93
93
90
381
94
94
91
381
95
95
92
381
96
381
97
97
93
381
98
98
94
381
99
99
95
381
100
100
96
381
101
101
97
381
102
102
98
381
103
103
99
381
104
104
100
381
105
105
101
381
106
106
102
381
107
107
103
381
108
108
104
381
109
109
105
381
110
110
106
381
111
111
107
381
112
112
108
381
113
113
109
381
114
381
115
115
110
381
116
116
111
381
117
117
112
381
118
118
113
381
119
119
114
381
120
120
115
381
121
121
116
381
122
122
117
381
123
123
118
381
124
124
119
381
125
381
126
126
120
381
127
127
121
381
128
128
122
381
129
129
123
381
130
381
131
131
124
381
132
132
125
381
133
133
126
381
134
134
127
381
135
135
128
381
136
381
137
137
129
381
138
138
130
381
139
139
131
381
140
140
132
381
141
141
133
381
142
142
134
381
143
143
135
381
144
381
145
145
136
381
146
146
137
381
147
147
138
381
148
148
139
381
149
149
140
381
150
150
141
381
151
151
142
381
152
152
143
381
153
153
144
381
154
154
145
381
155
155
146
381
156
156
147
381
157
157
148
381
158
158
149
381
159
159
150
381
160
160
151
381
161
161
152
381
162
162
153
381
163
163
154
381
164
164
155
381
165
165
156
381
166
166
157
381
167
167
158
381
168
168
159
381
169
169
160
381
170
170
161
381
171
171
162
381
172
172
163
381
173
173
164
381
174
174
165
381
175
175
166
381
176
176
167
381
177
177
168
381
178
178
169
381
179
179
170
381
180
180
171
381
181
181
172
381
182
182
173
381
183
183
174
381
184
184
175
381
185
185
176
381
186
186
177
381
187
187
178
381
188
188
179
381
189
189
180
381
190
190
181
381
191
191
182
381
192
192
183
381
193
193
184
381
194
194
185
381
195
195
186
381
196
196
187
381
197
197
188
381
198
198
189
381
199
199
190
381
200
200
191
381
201
201
192
381
202
202
193
381
203
203
194
381
204
204
195
381
205
205
196
381
206
206
197
381
207
207
198
381
208
208
199
381
209
209
200
381
210
210
201
381
211
211
202
381
212
212
203
381
213
213
204
381
214
214
205
381
215
215
206
381
216
216
207
381
217
217
208
381
218
218
209
381
219
219
210
381
220
220
211
381
221
221
212
381
222
222
213
381
223
223
214
381
224
224
215
381
225
225
216
381
226
381
227
227
217
381
228
228
218
381
229
229
219
381
230
230
220
381
231
231
221
381
232
232
222
381
233
233
223
381
234
234
224
381
235
235
225
381
236
236
226
381
237
237
227
381
238
238
228
381
239
239
229
381
240
240
230
381
241
241
231
381
242
242
232
381
243
243
233
381
244
244
234
381
245
245
235
381
246
246
236
381
247
247
237
381
248
248
238
381
249
249
239
381
250
250
240
381
251
251
241
381
252
252
242
381
253
253
243
381
254
254
244
381
255
255
245
381
256
256
246
381
257
257
247
381
258
258
248
381
259
259
249
381
260
260
250
381
261
261
251
381
262
262
252
381
263
263
253
381
264
264
254
381
265
265
255
381
266
266
256
381
267
267
257
381
268
268
258
381
269
269
259
381
270
270
260
381
271
271
261
381
272
272
262
381
273
273
263
381
274
274
264
381
275
275
265
381
276
276
266
381
277
277
267
381
278
278
268
381
279
279
269
381
280
280
270
381
281
281
271
381
282
282
272
381
283
283
273
381
284
284
274
381
285
285
275
381
286
286
276
381
287
287
277
381
288
288
278
381
289
289
279
381
290
290
280
381
291
291
281
381
292
381
293
293
282
381
294
294
283
381
295
295
284
381
296
296
285
381
297
297
286
381
298
298
287
381
299
299
288
381
300
300
289
381
301
301
290
381
302
302
291
381
303
303
292
381
304
304
293
381
305
305
294
381
306
306
295
381
307
307
296
381
308
308
297
381
309
309
298
381
310
310
299
381
311
311
300
381
312
312
301
381
313
313
302
381
314
314
303
381
315
315
304
381
316
316
305
381
317
317
306
381
318
318
307
381
319
319
308
381
320
381
321
321
309
381
322
322
310
381
323
323
311
381
324
324
312
381
325
325
313
381
326
326
314
381
327
327
315
381
328
328
316
381
329
329
317
381
330
330
318
381
331
331
319
381
332
332
320
381
333
333
321
381
334
334
322
381
335
335
323
381
336
336
324
381
337
337
325
381
338
338
326
381
339
339
327
381
340
340
328
381
341
341
329
381
342
342
330
381
343
343
331
381
344
344
332
381
345
345
333
381
346
346
334
381
347
347
335
381
348
348
336
381
349
349
337
381
350
350
338
381
351
351
339
381
352
352
340
381
353
353
341
381
354
354
342
381
355
355
343
381
356
356
344
381
357
357
345
381
358
358
346
381
359
359
347
381
360
360
348
381
361
361
349
381
362
362
350
381
363
363
351
381
364
364
352
381
365
365
353
381
366
366
354
381
367
367
355
381
368
368
356
381
369
369
357
381
370
370
358
381
371
371
359
381
372
372
360
381
373
373
361
381
374
374
362
381
375
375
363
381
376
376
364
381
377
377
365
381
378
378
366
381
379
379
367
381
380
380
368
381
369
0
368
368
0
368
1
368
2
368
3
368
4
368
5
368
6
6
0
368
7
368
8
368
9
368
10
10
1
368
11
368
12
12
2
368
13
368
14
368
15
368
16
368
17
368
18
368
19
368
20
368
21
368
22
368
23
368
24
368
25
368
26
368
27
368
28
28
3
368
29
368
30
30
4
368
31
368
32
368
33
368
34
368
35
368
36
368
37
368
38
368
39
368
40
368
41
368
42
368
43
43
5
368
44
368
45
368
46
368
47
368
48
368
49
368
50
368
51
368
52
368
53
368
54
368
55
368
56
368
57
368
58
368
59
368
60
368
61
368
62
368
63
63
6
368
64
64
7
368
65
368
66
368
67
368
68
368
69
368
70
368
71
368
72
72
8
368
73
368
74
368
75
368
76
76
9
368
77
368
78
368
79
368
80
368
81
368
82
368
83
368
84
368
85
368
86
368
87
87
10
368
88
368
89
368
90
368
91
368
92
368
93
368
94
368
95
368
96
368
97
97
11
368
98
368
99
368
100
368
101
101
12
368
102
368
103
368
104
368
105
368
106
368
107
368
108
368
109
368
110
368
111
368
112
112
13
368
113
368
114
368
115
368
116
368
117
368
118
368
119
368
120
368
121
368
122
368
123
368
124
368
125
368
126
368
127
368
128
368
129
368
130
368
131
368
132
368
133
368
134
368
135
368
136
368
137
368
138
368
139
368
140
368
141
368
142
368
143
368
144
368
145
368
146
368
147
368
148
368
149
149
14
368
150
368
151
368
152
368
153
153
15
368
154
368
155
368
156
368
157
368
158
368
159
368
160
368
161
368
162
368
163
368
164
368
165
368
166
368
167
368
168
368
169
368
170
368
171
368
172
368
173
368
174
368
175
368
176
368
177
368
178
368
179
368
180
368
181
368
182
368
183
368
184
368
185
368
186
368
187
368
188
368
189
368
190
368
191
368
192
368
193
368
194
194
16
368
195
368
196
368
197
197
17
368
198
368
199
368
200
368
201
201
18
368
202
368
203
368
204
368
205
368
206
368
207
368
208
208
19
368
209
368
210
210
20
368
211
211
21
368
212
212
22
368
213
368
214
214
23
368
215
215
24
368
216
368
217
368
218
368
219
368
220
368
221
368
222
368
223
368
224
368
225
368
226
368
227
368
228
368
229
368
230
368
231
368
232
368
233
368
234
368
235
368
236
368
237
368
238
238
25
368
239
368
240
368
241
241
26
368
242
368
243
368
244
244
27
368
245
368
246
368
247
368
248
368
249
368
250
368
251
368
252
368
253
368
254
368
255
368
256
368
257
368
258
368
259
368
260
368
261
368
262
368
263
368
264
368
265
368
266
368
267
368
268
368
269
368
270
368
271
368
272
368
273
368
274
274
28
368
275
368
276
368
277
368
278
368
279
368
280
368
281
368
282
368
283
368
284
368
285
368
286
368
287
287
29
368
288
368
289
368
290
290
30
368
291
368
292
368
293
368
294
368
295
368
296
368
297
368
298
368
299
368
300
368
301
368
302
368
303
368
304
368
305
368
306
368
307
368
308
368
309
368
310
368
311
368
312
368
313
368
314
368
315
368
316
368
317
368
318
368
319
368
320
368
321
321
31
368
322
368
323
368
324
368
325
368
326
368
327
368
328
368
329
368
330
368
331
368
332
368
333
368
334
368
335
368
336
368
337
368
338
368
339
368
340
368
341
368
342
368
343
343
32
368
344
368
345
368
346
368
347
368
348
368
349
368
350
368
351
368
352
368
353
368
354
368
355
368
356
368
357
368
358
368
359
368
360
368
361
368
362
368
363
368
364
368
365
368
366
366
33
368
367
368
34
0
33
33
0
33
1
1
0
33
2
33
3
33
4
33
5
33
6
33
7
33
8
33
9
33
10
33
11
11
1
33
12
33
13
33
14
33
15
15
2
33
16
33
17
33
18
33
19
33
20
33
21
33
22
22
3
33
23
33
24
33
25
33
26
33
27
27
4
33
28
33
29
33
30
33
31
33
32
33
5
0
4
4
0
4
1
1
0
4
2
4
3
4
1
2
4
4
2
2
2
4
3
3
3
4
4
2
3
3
2
2
2
3
3
6
33
33
6
6
6
33
7
7
7
33
8
8
8
33
9
9
9
33
10
10
10
33
11
33
12
12
11
33
13
13
12
33
14
33
15
33
16
16
13
33
17
33
18
33
19
19
14
33
20
20
15
33
21
21
16
33
22
33
23
23
17
33
24
33
25
33
26
26
18
33
27
27
19
33
28
28
20
33
29
29
21
33
30
30
22
33
31
31
23
33
32
32
24
33
25
6
24
24
6
6
6
24
7
7
7
24
8
8
8
24
9
9
9
24
10
10
10
24
11
11
11
24
12
12
12
24
13
13
13
24
14
14
14
24
15
15
15
24
16
16
16
24
17
17
17
24
18
18
18
24
19
19
19
24
20
20
20
24
21
21
21
24
22
22
22
24
23
23
23
24
24
6
23
23
6
6
6
23
7
7
7
23
8
8
8
23
9
9
9
23
10
10
10
23
11
11
11
23
12
12
12
23
13
13
13
23
14
14
14
23
15
23
16
16
15
23
17
17
16
23
18
18
17
23
19
19
18
23
20
23
21
21
19
23
22
22
20
23
21
6
20
20
6
6
6
20
7
20
8
20
9
20
10
20
11
20
12
12
7
20
13
20
14
20
15
20
16
16
8
20
17
20
18
20
19
20
9
6
8
8
6
6
6
8
7
7
7
8
8
6
7
7
6
6
6
7
7
10
20
20
10
10
10
20
11
20
12
20
13
20
14
20
15
20
16
16
11
20
17
20
18
20
19
20
12
10
11
11
10
11
10
13
20
20
13
20
14
20
15
20
16
20
17
20
18
20
19
20
13
14
20
20
14
20
15
20
16
20
17
20
18
20
19
20
14
15
20
20
15
20
16
16
15
20
17
17
16
20
18
18
17
20
19
20
18
15
17
17
15
17
16
17
15
16
17
17
16
17
16
19
20
20
19
19
19
20
20
22
23
23
22
23
22
26
33
33
26
26
26
33
27
27
27
33
28
28
28
33
29
29
29
33
30
30
30
33
31
31
31
33
32
32
32
33
33
26
32
32
26
32
27
27
26
32
28
32
29
29
27
32
30
30
28
32
31
32
29
26
28
28
26
28
27
28
26
27
28
28
27
28
27
30
32
32
30
32
31
31
30
32
31
35
368
368
35
35
35
368
36
368
37
37
36
368
38
368
39
39
37
368
40
40
38
368
41
368
42
368
43
368
44
44
39
368
45
368
46
368
47
47
40
368
48
368
49
49
41
368
50
368
51
368
52
368
53
53
42
368
54
54
43
368
55
368
56
368
57
57
44
368
58
368
59
368
60
60
45
368
61
368
62
368
63
63
46
368
64
368
65
368
66
368
67
368
68
368
69
368
70
368
71
71
47
368
72
368
73
368
74
368
75
75
48
368
76
368
77
77
49
368
78
368
79
368
80
368
81
368
82
368
83
368
84
368
85
85
50
368
86
86
51
368
87
368
88
368
89
368
90
368
91
91
52
368
92
368
93
93
53
368
94
94
54
368
95
368
96
96
55
368
97
368
98
98
56
368
99
368
100
100
57
368
101
368
102
368
103
368
104
368
105
105
58
368
106
106
59
368
107
107
60
368
108
108
61
368
109
368
110
368
111
111
62
368
112
368
113
113
63
368
114
368
115
368
116
368
117
117
64
368
118
368
119
368
120
368
121
121
65
368
122
122
66
368
123
123
67
368
124
368
125
125
68
368
126
126
69
368
127
368
128
128
70
368
129
129
71
368
130
368
131
368
132
368
133
368
134
368
135
368
136
368
137
368
138
138
72
368
139
368
140
368
141
141
73
368
142
142
74
368
143
368
144
368
145
368
146
368
147
147
75
368
148
148
76
368
149
149
77
368
150
368
151
368
152
368
153
368
154
154
78
368
155
368
156
368
157
368
158
368
159
159
79
368
160
368
161
161
80
368
162
162
81
368
163
368
164
368
165
368
166
368
167
368
168
368
169
368
170
368
171
171
82
368
172
172
83
368
173
368
174
368
175
368
176
368
177
368
178
178
84
368
179
368
180
180
85
368
181
181
86
368
182
368
183
183
87
368
184
368
185
368
186
186
88
368
187
368
188
368
189
368
190
368
191
191
89
368
192
192
90
368
193
368
194
368
195
368
196
368
197
197
91
368
198
198
92
368
199
368
200
368
201
368
202
202
93
368
203
368
204
368
205
368
206
206
94
368
207
368
208
368
209
209
95
368
210
368
211
368
212
368
213
368
214
214
96
368
215
368
216
216
97
368
217
368
218
368
219
219
98
368
220
368
221
221
99
368
222
222
100
368
223
223
101
368
224
224
102
368
225
225
103
368
226
368
227
368
228
368
229
368
230
230
104
368
231
231
105
368
232
232
106
368
233
233
107
368
234
234
108
368
235
368
236
368
237
237
109
368
238
368
239
239
110
368
240
240
111
368
241
241
112
368
242
368
243
243
113
368
244
368
245
368
246
368
247
368
248
368
249
368
250
368
251
251
114
368
252
368
253
368
254
254
115
368
255
255
116
368
256
368
257
368
258
368
259
368
260
368
261
368
262
262
117
368
263
368
264
264
118
368
265
368
266
368
267
368
268
268
119
368
269
368
270
270
120
368
271
368
272
368
273
368
274
368
275
368
276
276
121
368
277
368
278
368
279
368
280
368
281
281
122
368
282
368
283
283
123
368
284
368
285
368
286
286
124
368
287
368
288
288
125
368
289
289
126
368
290
368
291
291
127
368
292
292
128
368
293
293
129
368
294
368
295
295
130
368
296
368
297
297
131
368
298
368
299
368
300
368
301
301
132
368
302
368
303
368
304
368
305
368
306
306
133
368
307
307
134
368
308
308
135
368
309
368
310
310
136
368
311
311
137
368
312
312
138
368
313
313
139
368
314
368
315
368
316
316
140
368
317
368
318
368
319
368
320
368
321
321
141
368
322
368
323
323
142
368
324
324
143
368
325
368
326
368
327
368
328
328
144
368
329
368
330
368
331
368
332
368
333
368
334
368
335
368
336
336
145
368
337
337
146
368
338
368
339
368
340
368
341
368
342
342
147
368
343
368
344
344
148
368
345
368
346
368
347
368
348
368
349
368
350
368
351
368
352
368
353
368
354
368
355
368
356
356
149
368
357
357
150
368
358
368
359
368
360
360
151
368
361
368
362
368
363
368
364
368
365
368
366
368
367
368
152
35
151
151
35
151
36
151
37
37
35
151
38
151
39
39
36
151
40
151
41
151
42
151
43
151
44
151
45
151
46
151
47
151
48
151
49
151
50
50
37
151
51
151
52
151
53
53
38
151
54
54
39
151
55
151
56
56
40
151
57
57
41
151
58
151
59
151
60
60
42
151
61
151
62
151
63
63
43
151
64
151
65
151
66
151
67
67
44
151
68
151
69
151
70
151
71
151
72
151
73
73
45
151
74
74
46
151
75
151
76
151
77
151
78
78
47
151
79
79
48
151
80
80
49
151
81
151
82
82
50
151
83
83
51
151
84
151
85
151
86
86
52
151
87
151
88
88
53
151
89
89
54
151
90
151
91
91
55
151
92
151
93
151
94
151
95
151
96
96
56
151
97
151
98
151
99
99
57
151
100
151
101
101
58
151
102
151
103
103
59
151
104
151
105
105
60
151
106
151
107
107
61
151
108
108
62
151
109
151
110
151
111
111
63
151
112
151
113
113
64
151
114
151
115
151
116
151
117
151
118
151
119
119
65
151
120
120
66
151
121
121
67
151
122
151
123
151
124
124
68
151
125
125
69
151
126
151
127
127
70
151
128
151
129
151
130
130
71
151
131
151
132
151
133
151
134
134
72
151
135
135
73
151
136
136
74
151
137
151
138
151
139
151
140
140
75
151
141
151
142
151
143
143
76
151
144
151
145
145
77
151
146
151
147
151
148
148
78
151
149
149
79
151
150
150
80
151
81
35
80
80
35
35
35
80
36
80
37
80
38
38
36
80
39
39
37
80
40
40
38
80
41
80
42
42
39
80
43
43
40
80
44
80
45
80
46
46
41
80
47
80
48
48
42
80
49
49
43
80
50
80
51
51
44
80
52
52
45
80
53
80
54
80
55
55
46
80
56
56
47
80
57
80
58
80
59
59
48
80
60
80
61
80
62
62
49
80
63
63
50
80
64
64
51
80
65
80
66
66
52
80
67
80
68
68
53
80
69
80
70
70
54
80
71
71
55
80
72
72
56
80
73
73
57
80
74
74
58
80
75
80
76
76
59
80
77
80
78
78
60
80
79
79
61
80
62
35
61
61
35
61
36
61
37
61
38
61
39
61
40
61
41
61
42
61
43
61
44
61
45
45
35
61
46
61
47
61
48
61
49
61
50
61
51
61
52
61
53
61
54
61
55
61
56
61
57
61
58
61
59
61
60
60
36
61
37
35
36
36
35
36
35
38
61
61
38
61
39
39
38
61
40
61
41
61
42
61
43
43
39
61
44
61
45
61
46
61
47
61
48
61
49
49
40
61
50
61
51
51
41
61
52
61
53
53
42
61
54
61
55
61
56
61
57
57
43
61
58
58
44
61
59
61
60
61
45
38
44
44
38
44
39
39
38
44
40
40
39
44
41
44
42
44
43
44
40
38
39
39
38
38
38
39
39
41
44
44
41
44
42
42
41
44
43
43
42
44
43
41
42
42
41
42
41
46
61
61
46
46
46
61
47
47
47
61
48
48
48
61
49
49
49
61
50
50
50
61
51
51
51
61
52
52
52
61
53
53
53
61
54
54
54
61
55
61
56
56
55
61
57
57
56
61
58
58
57
61
59
59
58
61
60
60
59
61
60
46
59
59
46
59
47
59
48
48
46
59
49
59
50
50
47
59
51
51
48
59
52
59
53
59
54
59
55
55
49
59
56
56
50
59
57
57
51
59
58
58
52
59
53
46
52
52
46
46
46
52
47
47
47
52
48
48
48
52
49
49
49
52
50
50
50
52
51
51
51
52
52
46
51
51
46
51
47
51
48
51
49
51
50
51
46
47
51
51
47
47
47
51
48
48
48
51
49
51
50
51
49
47
48
48
47
48
47
50
51
51
50
50
50
51
51
54
59
59
54
59
55
59
56
59
57
59
58
58
54
59
55
56
59
59
56
59
57
59
58
59
56
57
59
59
57
59
58
59
57
58
59
59
58
58
58
59
59
63
80
80
63
63
63
80
64
64
64
80
65
65
65
80
66
66
66
80
67
80
68
68
67
80
69
69
68
80
70
70
69
80
71
71
70
80
72
72
71
80
73
73
72
80
74
74
73
80
75
80
76
80
77
77
74
80
78
78
75
80
79
79
76
80
77
63
76
76
63
63
63
76
64
64
64
76
65
76
66
76
67
76
68
76
69
76
70
70
65
76
71
71
66
76
72
72
67
76
73
76
74
74
68
76
75
75
69
76
70
63
69
69
63
63
63
69
64
64
64
69
65
65
65
69
66
66
66
69
67
67
67
69
68
68
68
69
69
63
68
68
63
63
63
68
64
68
65
68
66
68
67
68
64
65
68
68
65
68
66
68
67
68
65
66
68
68
66
66
66
68
67
68
67
71
76
76
71
71
71
76
72
72
72
76
73
73
73
76
74
74
74
76
75
75
75
76
76
71
75
75
71
75
72
72
71
75
73
75
74
75
72
73
75
75
73
75
74
75
73
74
75
75
74
75
74
78
80
80
78
80
79
79
78
80
79
82
151
151
82
151
83
151
84
84
82
151
85
85
83
151
86
151
87
151
88
88
84
151
89
151
90
151
91
151
92
92
85
151
93
151
94
94
86
151
95
151
96
96
87
151
97
151
98
98
88
151
99
151
100
100
89
151
101
101
90
151
102
151
103
151
104
151
105
105
91
151
106
106
92
151
107
107
93
151
108
151
109
109
94
151
110
151
111
151
112
151
113
151
114
151
115
115
95
151
116
151
117
151
118
118
96
151
119
119
97
151
120
151
121
121
98
151
122
151
123
151
124
124
99
151
125
125
100
151
126
126
101
151
127
151
128
128
102
151
129
151
130
130
103
151
131
151
132
151
133
133
104
151
134
151
135
135
105
151
136
151
137
151
138
151
139
151
140
140
106
151
141
141
107
151
142
151
143
143
108
151
144
144
109
151
145
145
110
151
146
151
147
151
148
148
111
151
149
151
150
151
112
82
111
111
82
111
83
111
84
84
82
111
85
111
86
111
87
111
88
111
89
111
90
111
91
111
92
111
93
111
94
111
95
111
96
111
97
111
98
111
99
111
100
111
101
111
102
111
103
111
104
111
105
111
106
106
83
111
107
111
108
111
109
111
110
111
84
82
83
83
82
82
82
83
83
85
111
111
85
85
85
111
86
111
87
87
86
111
88
111
89
89
87
111
90
111
91
111
92
111
93
111
94
111
95
111
96
96
88
111
97
111
98
111
99
111
100
111
101
101
89
111
102
102
90
111
103
111
104
111
105
105
91
111
106
111
107
111
108
108
92
111
109
111
110
111
93
85
92
92
85
85
85
92
86
86
86
92
87
92
88
92
89
92
90
90
87
92
91
92
88
85
87
87
85
85
85
87
86
86
86
87
87
85
86
86
85
86
85
89
92
92
89
92
90
90
89
92
91
91
90
92
91
89
90
90
89
90
89
94
111
111
94
111
95
111
96
111
97
97
94
111
98
111
99
99
95
111
100
111
101
111
102
111
103
103
96
111
104
111
105
111
106
106
97
111
107
111
108
108
98
111
109
109
99
111
110
111
100
94
99
99
94
94
94
99
95
99
96
96
95
99
97
99
98
99
96
94
95
95
94
95
94
97
99
99
97
97
97
99
98
98
98
99
99
97
98
98
97
98
97
101
111
111
101
101
101
111
102
102
102
111
103
103
103
111
104
104
104
111
105
105
105
111
106
106
106
111
107
107
107
111
108
108
108
111
109
109
109
111
110
110
110
111
111
101
110
110
101
110
102
110
103
110
104
110
105
105
101
110
106
110
107
107
102
110
108
110
109
110
103
101
102
102
101
101
101
102
102
104
110
110
104
104
104
110
105
110
106
110
107
110
108
108
105
110
109
110
106
104
105
105
104
105
104
107
110
110
107
110
108
110
109
110
107
108
110
110
108
108
108
110
109
109
109
110
110
108
109
109
108
109
108
113
151
151
113
151
114
151
115
151
116
116
113
151
117
117
114
151
118
151
119
119
115
151
120
151
121
151
122
151
123
151
124
151
125
151
126
126
116
151
127
151
128
151
129
151
130
151
131
131
117
151
132
151
133
151
134
134
118
151
135
151
136
136
119
151
137
151
138
151
139
151
140
151
141
151
142
142
120
151
143
151
144
144
121
151
145
151
146
146
122
151
147
151
148
151
149
149
123
151
150
151
124
113
123
123
113
123
114
123
115
123
116
123
117
117
113
123
118
123
119
123
120
120
114
123
121
121
115
123
122
123
116
113
115
115
113
113
113
115
114
114
114
115
115
113
114
114
113
113
113
114
114
117
123
123
117
117
117
123
118
118
118
123
119
119
119
123
120
120
120
123
121
123
122
123
121
117
120
120
117
120
118
120
119
120
117
118
120
120
118
120
119
120
118
119
120
120
119
120
119
122
123
123
122
122
122
123
123
125
151
151
125
125
125
151
126
126
126
151
127
127
127
151
128
128
128
151
129
151
130
130
129
151
131
131
130
151
132
132
131
151
133
133
132
151
134
134
133
151
135
135
134
151
136
136
135
151
137
137
136
151
138
138
137
151
139
151
140
140
138
151
141
151
142
142
139
151
143
143
140
151
144
144
141
151
145
145
142
151
146
146
143
151
147
147
144
151
148
148
145
151
149
149
146
151
150
151
147
125
146
146
125
146
126
146
127
127
125
146
128
128
126
146
129
129
127
146
130
130
128
146
131
131
129
146
132
132
130
146
133
146
134
134
131
146
135
146
136
136
132
146
137
146
138
138
133
146
139
139
134
146
140
146
141
141
135
146
142
142
136
146
143
146
144
144
137
146
145
145
138
146
139
125
138
138
125
138
126
138
127
138
128
138
129
138
130
138
131
131
125
138
132
138
133
133
126
138
134
134
127
138
135
138
136
138
137
138
128
125
127
127
125
125
125
127
126
126
126
127
127
125
126
126
125
125
125
126
126
129
138
138
129
138
130
138
131
138
132
138
133
138
134
138
135
138
136
138
137
138
129
130
138
138
130
130
130
138
131
131
131
138
132
132
132
138
133
133
133
138
134
138
135
138
136
138
137
138
134
130
133
133
130
130
130
133
131
133
132
132
131
133
132
130
131
131
130
130
130
131
131
135
138
138
135
135
135
138
136
136
136
138
137
138
137
135
136
136
135
136
135
140
146
146
140
140
140
146
141
141
141
146
142
142
142
146
143
143
143
146
144
144
144
146
145
145
145
146
146
140
145
145
140
145
141
141
140
145
142
142
141
145
143
145
144
145
142
140
141
141
140
141
140
143
145
145
143
145
144
145
143
144
145
145
144
144
144
145
145
148
151
151
148
151
149
149
148
151
150
150
149
151
150
148
149
149
148
148
148
149
149
153
368
368
153
153
153
368
154
154
154
368
155
155
155
368
156
156
156
368
157
157
157
368
158
158
158
368
159
159
159
368
160
160
160
368
161
161
161
368
162
368
163
163
162
368
164
164
163
368
165
165
164
368
166
368
167
167
165
368
168
168
166
368
169
169
167
368
170
368
171
171
168
368
172
172
169
368
173
173
170
368
174
174
171
368
175
175
172
368
176
176
173
368
177
177
174
368
178
368
179
368
180
180
175
368
181
181
176
368
182
368
183
368
184
368
185
368
186
186
177
368
187
187
178
368
188
368
189
189
179
368
190
368
191
368
192
368
193
193
180
368
194
194
181
368
195
368
196
368
197
197
182
368
198
198
183
368
199
199
184
368
200
368
201
368
202
368
203
203
185
368
204
204
186
368
205
368
206
368
207
207
187
368
208
208
188
368
209
209
189
368
210
210
190
368
211
211
191
368
212
212
192
368
213
213
193
368
214
214
194
368
215
215
195
368
216
216
196
368
217
217
197
368
218
368
219
368
220
220
198
368
221
221
199
368
222
368
223
368
224
368
225
225
200
368
226
226
201
368
227
227
202
368
228
368
229
368
230
230
203
368
231
368
232
232
204
368
233
233
205
368
234
234
206
368
235
235
207
368
236
368
237
237
208
368
238
368
239
368
240
368
241
368
242
368
243
368
244
244
209
368
245
245
210
368
246
246
211
368
247
247
212
368
248
248
213
368
249
368
250
250
214
368
251
368
252
368
253
253
215
368
254
254
216
368
255
255
217
368
256
368
257
257
218
368
258
368
259
259
219
368
260
368
261
368
262
262
220
368
263
368
264
264
221
368
265
368
266
266
222
368
267
368
268
368
269
269
223
368
270
270
224
368
271
368
272
368
273
273
225
368
274
368
275
368
276
276
226
368
277
368
278
368
279
279
227
368
280
280
228
368
281
281
229
368
282
282
230
368
283
283
231
368
284
368
285
368
286
286
232
368
287
287
233
368
288
288
234
368
289
368
290
368
291
368
292
292
235
368
293
293
236
368
294
368
295
368
296
368
297
297
237
368
298
298
238
368
299
299
239
368
300
368
301
301
240
368
302
368
303
303
241
368
304
304
242
368
305
305
243
368
306
306
244
368
307
368
308
308
245
368
309
309
246
368
310
310
247
368
311
311
248
368
312
368
313
313
249
368
314
314
250
368
315
368
316
368
317
368
318
368
319
368
320
368
321
368
322
322
251
368
323
323
252
368
324
368
325
325
253
368
326
326
254
368
327
327
255
368
328
328
256
368
329
329
257
368
330
368
331
368
332
332
258
368
333
368
334
334
259
368
335
368
336
336
260
368
337
337
261
368
338
368
339
368
340
340
262
368
341
341
263
368
342
342
264
368
343
343
265
368
344
368
345
345
266
368
346
346
267
368
347
368
348
348
268
368
349
368
350
368
351
351
269
368
352
368
353
368
354
354
270
368
355
355
271
368
356
368
357
357
272
368
358
368
359
359
273
368
360
360
274
368
361
361
275
368
362
368
363
363
276
368
364
364
277
368
365
368
366
366
278
368
367
368
279
153
278
278
153
153
153
278
154
154
154
278
155
155
155
278
156
278
157
278
158
278
159
159
156
278
160
278
161
278
162
278
163
278
164
278
165
165
157
278
166
278
167
167
158
278
168
168
159
278
169
278
170
170
160
278
171
171
161
278
172
278
173
278
174
174
162
278
175
278
176
176
163
278
177
177
164
278
178
178
165
278
179
179
166
278
180
278
181
278
182
278
183
278
184
278
185
278
186
186
167
278
187
187
168
278
188
278
189
189
169
278
190
278
191
191
170
278
192
278
193
278
194
194
171
278
195
278
196
278
197
197
172
278
198
198
173
278
199
278
200
200
174
278
201
278
202
278
203
278
204
204
175
278
205
205
176
278
206
278
207
207
177
278
208
208
178
278
209
209
179
278
210
278
211
278
212
212
180
278
213
213
181
278
214
278
215
215
182
278
216
278
217
278
218
218
183
278
219
219
184
278
220
220
185
278
221
221
186
278
222
222
187
278
223
223
188
278
224
278
225
225
189
278
226
226
190
278
227
278
228
278
229
229
191
278
230
230
192
278
231
231
193
278
232
278
233
233
194
278
234
234
195
278
235
278
236
278
237
278
238
278
239
239
196
278
240
278
241
241
197
278
242
242
198
278
243
278
244
278
245
278
246
278
247
278
248
278
249
278
250
278
251
251
199
278
252
278
253
253
200
278
254
278
255
278
256
256
201
278
257
257
202
278
258
278
259
259
203
278
260
260
204
278
261
278
262
278
263
263
205
278
264
278
265
278
266
278
267
278
268
268
206
278
269
278
270
270
207
278
271
278
272
272
208
278
273
278
274
274
209
278
275
278
276
278
277
277
210
278
211
153
210
210
153
153
153
210
154
210
155
155
154
210
156
156
155
210
157
210
158
158
156
210
159
210
160
160
157
210
161
161
158
210
162
162
159
210
163
163
160
210
164
164
161
210
165
210
166
166
162
210
167
167
163
210
168
168
164
210
169
169
165
210
170
170
166
210
171
210
172
172
167
210
173
173
168
210
174
174
169
210
175
175
170
210
176
210
177
177
171
210
178
178
172
210
179
179
173
210
180
180
174
210
181
181
175
210
182
182
176
210
183
183
177
210
184
184
178
210
185
210
186
186
179
210
187
187
180
210
188
188
181
210
189
189
182
210
190
190
183
210
191
210
192
192
184
210
193
193
185
210
194
194
186
210
195
210
196
210
197
197
187
210
198
198
188
210
199
199
189
210
200
210
201
201
190
210
202
202
191
210
203
203
192
210
204
204
193
210
205
205
194
210
206
206
195
210
207
207
196
210
208
208
197
210
209
209
198
210
199
153
198
198
153
198
154
154
153
198
155
155
154
198
156
198
157
198
158
198
159
159
155
198
160
160
156
198
161
161
157
198
162
198
163
198
164
198
165
198
166
198
167
167
158
198
168
168
159
198
169
169
160
198
170
198
171
198
172
172
161
198
173
198
174
174
162
198
175
198
176
198
177
177
163
198
178
198
179
198
180
180
164
198
181
198
182
182
165
198
183
183
166
198
184
198
185
185
167
198
186
198
187
198
188
198
189
198
190
198
191
191
168
198
192
198
193
193
169
198
194
194
170
198
195
198
196
198
197
198
171
153
170
170
153
170
154
170
155
155
153
170
156
170
157
170
158
170
159
170
160
170
161
170
162
170
163
170
164
170
165
165
154
170
166
170
167
170
168
170
169
170
155
153
154
154
153
153
153
154
154
156
170
170
156
156
156
170
157
157
157
170
158
170
159
159
158
170
160
160
159
170
161
170
162
162
160
170
163
163
161
170
164
170
165
165
162
170
166
166
163
170
167
170
168
168
164
170
169
169
165
170
166
156
165
165
156
165
157
165
158
158
156
165
159
165
160
165
161
165
162
162
157
165
163
165
164
165
158
156
157
157
156
156
156
157
157
159
165
165
159
159
159
165
160
160
160
165
161
165
162
165
163
163
161
165
164
164
162
165
163
159
162
162
159
162
160
162
161
162
159
160
162
162
160
160
160
162
161
162
161
164
165
165
164
164
164
165
165
167
170
170
167
167
167
170
168
168
168
170
169
169
169
170
170
167
169
169
167
167
167
169
168
169
168
172
198
198
172
198
173
173
172
198
174
174
173
198
175
175
174
198
176
176
175
198
177
177
176
198
178
178
177
198
179
198
180
180
178
198
181
181
179
198
182
182
180
198
183
183
181
198
184
184
182
198
185
185
183
198
186
186
184
198
187
187
185
198
188
188
186
198
189
198
190
198
191
191
187
198
192
192
188
198
193
193
189
198
194
194
190
198
195
198
196
196
191
198
197
197
192
198
193
172
192
192
172
172
172
192
173
173
173
192
174
174
174
192
175
192
176
176
175
192
177
177
176
192
178
178
177
192
179
179
178
192
180
180
179
192
181
181
180
192
182
182
181
192
183
183
182
192
184
184
183
192
185
185
184
192
186
186
185
192
187
187
186
192
188
188
187
192
189
189
188
192
190
190
189
192
191
191
190
192
191
172
190
190
172
172
172
190
173
173
173
190
174
190
175
175
174
190
176
176
175
190
177
177
176
190
178
178
177
190
179
179
178
190
180
180
179
190
181
181
180
190
182
182
181
190
183
183
182
190
184
184
183
190
185
185
184
190
186
186
185
190
187
187
186
190
188
188
187
190
189
189
188
190
189
172
188
188
172
188
173
188
174
188
175
175
172
188
176
176
173
188
177
177
174
188
178
178
175
188
179
188
180
188
181
181
176
188
182
188
183
183
177
188
184
184
178
188
185
188
186
188
187
187
179
188
180
172
179
179
172
172
172
179
173
173
173
179
174
174
174
179
175
175
175
179
176
176
176
179
177
177
177
179
178
178
178
179
179
172
178
178
172
178
173
173
172
178
174
174
173
178
175
175
174
178
176
176
175
178
177
178
176
172
175
175
172
172
172
175
173
175
174
175
173
174
175
175
174
175
174
177
178
178
177
177
177
178
178
181
188
188
181
188
182
188
183
188
184
188
185
188
186
188
187
188
181
182
188
188
182
188
183
188
184
188
185
188
186
186
182
188
187
188
183
184
188
188
184
188
185
188
186
186
184
188
187
188
185
186
188
188
186
188
187
187
186
188
187
194
198
198
194
194
194
198
195
195
195
198
196
198
197
198
196
194
195
195
194
195
194
197
198
198
197
197
197
198
198
200
210
210
200
200
200
210
201
201
201
210
202
202
202
210
203
203
203
210
204
204
204
210
205
205
205
210
206
206
206
210
207
207
207
210
208
208
208
210
209
209
209
210
210
200
209
209
200
209
201
209
202
209
203
203
200
209
204
204
201
209
205
209
206
209
207
209
208
209
202
200
201
201
200
200
200
201
201
203
209
209
203
203
203
209
204
204
204
209
205
205
205
209
206
206
206
209
207
207
207
209
208
208
208
209
209
203
208
208
203
208
204
208
205
208
206
208
207
208
203
204
208
208
204
204
204
208
205
205
205
208
206
206
206
208
207
208
207
204
206
206
204
206
205
206
204
205
206
206
205
206
205
212
278
278
212
278
213
278
214
278
215
215
212
278
216
278
217
217
213
278
218
278
219
219
214
278
220
278
221
278
222
278
223
223
215
278
224
224
216
278
225
225
217
278
226
278
227
278
228
278
229
278
230
278
231
278
232
232
218
278
233
278
234
234
219
278
235
278
236
236
220
278
237
278
238
278
239
278
240
240
221
278
241
241
222
278
242
278
243
243
223
278
244
278
245
245
224
278
246
246
225
278
247
247
226
278
248
278
249
278
250
250
227
278
251
278
252
278
253
278
254
254
228
278
255
255
229
278
256
256
230
278
257
278
258
278
259
259
231
278
260
278
261
261
232
278
262
278
263
263
233
278
264
264
234
278
265
278
266
278
267
278
268
268
235
278
269
278
270
270
236
278
271
271
237
278
272
272
238
278
273
273
239
278
274
274
240
278
275
275
241
278
276
278
277
278
242
212
241
241
212
212
212
241
213
213
213
241
214
214
214
241
215
215
215
241
216
216
216
241
217
217
217
241
218
218
218
241
219
219
219
241
220
220
220
241
221
221
221
241
222
222
222
241
223
223
223
241
224
224
224
241
225
225
225
241
226
226
226
241
227
227
227
241
228
228
228
241
229
229
229
241
230
230
230
241
231
231
231
241
232
232
232
241
233
233
233
241
234
234
234
241
235
235
235
241
236
236
236
241
237
237
237
241
238
238
238
241
239
239
239
241
240
240
240
241
241
212
240
240
212
240
213
240
214
240
215
240
216
216
212
240
217
217
213
240
218
218
214
240
219
240
220
240
221
240
222
240
223
223
215
240
224
240
225
225
216
240
226
226
217
240
227
240
228
240
229
240
230
240
231
240
232
232
218
240
233
233
219
240
234
240
235
235
220
240
236
240
237
240
238
240
239
240
221
212
220
220
212
220
213
213
212
220
214
214
213
220
215
215
214
220
216
220
217
217
215
220
218
220
219
219
216
220
217
212
216
216
212
212
212
216
213
213
213
216
214
214
214
216
215
215
215
216
216
212
215
215
212
212
212
215
213
215
214
214
213
215
214
212
213
213
212
212
212
213
213
218
220
220
218
218
218
220
219
219
219
220
220
218
219
219
218
219
218
222
240
240
222
240
223
240
224
240
225
225
222
240
226
240
227
240
228
240
229
240
230
240
231
240
232
240
233
240
234
240
235
240
236
240
237
240
238
240
239
239
223
240
224
222
223
223
222
222
222
223
223
225
240
240
225
225
225
240
226
226
226
240
227
227
227
240
228
228
228
240
229
229
229
240
230
230
230
240
231
231
231
240
232
232
232
240
233
233
233
240
234
234
234
240
235
235
235
240
236
236
236
240
237
237
237
240
238
238
238
240
239
239
239
240
240
225
239
239
225
225
225
239
226
226
226
239
227
227
227
239
228
228
228
239
229
229
229
239
230
230
230
239
231
231
231
239
232
232
232
239
233
233
233
239
234
234
234
239
235
235
235
239
236
236
236
239
237
237
237
239
238
238
238
239
239
225
238
238
225
238
226
238
227
238
228
238
229
229
225
238
230
238
231
231
226
238
232
238
233
238
234
238
235
238
236
238
237
238
227
225
226
226
225
225
225
226
226
228
238
238
228
228
228
238
229
229
229
238
230
230
230
238
231
231
231
238
232
232
232
238
233
238
234
238
235
235
233
238
236
236
234
238
237
238
235
228
234
234
228
234
229
234
230
234
231
234
232
234
233
234
228
229
234
234
229
234
230
234
231
234
232
234
233
234
229
230
234
234
230
230
230
234
231
234
232
232
231
234
233
234
232
230
231
231
230
230
230
231
231
233
234
234
233
233
233
234
234
236
238
238
236
238
237
238
236
237
238
238
237
237
237
238
238
243
278
278
243
243
243
278
244
244
244
278
245
245
245
278
246
278
247
247
246
278
248
248
247
278
249
249
248
278
250
250
249
278
251
251
250
278
252
252
251
278
253
253
252
278
254
254
253
278
255
255
254
278
256
256
255
278
257
257
256
278
258
258
257
278
259
278
260
278
261
261
258
278
262
262
259
278
263
263
260
278
264
264
261
278
265
278
266
266
262
278
267
267
263
278
268
268
264
278
269
269
265
278
270
270
266
278
271
271
267
278
272
272
268
278
273
273
269
278
274
278
275
275
270
278
276
276
271
278
277
278
272
243
271
271
243
243
243
271
244
271
245
271
246
271
247
271
248
248
244
271
249
271
250
271
251
251
245
271
252
271
253
271
254
271
255
271
256
271
257
271
258
258
246
271
259
271
260
271
261
271
262
271
263
271
264
264
247
271
265
271
266
266
248
271
267
271
268
271
269
271
270
271
249
243
248
248
243
248
244
248
245
248
246
248
247
248
243
244
248
248
244
248
245
248
246
246
244
248
247
248
245
246
248
248
246
248
247
247
246
248
247
250
271
271
250
271
251
271
252
271
253
253
250
271
254
271
255
271
256
256
251
271
257
257
252
271
258
271
259
271
260
271
261
271
262
271
263
271
264
271
265
265
253
271
266
271
267
271
268
268
254
271
269
271
270
271
255
250
254
254
250
254
251
254
252
252
250
254
253
254
251
252
254
254
252
254
253
254
252
253
254
254
253
254
253
256
271
271
256
256
256
271
257
257
257
271
258
258
258
271
259
259
259
271
260
260
260
271
261
261
261
271
262
271
263
263
262
271
264
271
265
265
263
271
266
266
264
271
267
267
265
271
268
268
266
271
269
269
267
271
270
271
268
256
267
267
256
267
257
267
258
267
259
259
256
267
260
267
261
267
262
267
263
263
257
267
264
264
258
267
265
267
266
266
259
267
260
256
259
259
256
259
257
259
258
259
256
257
259
259
257
259
258
259
257
258
259
259
258
258
258
259
259
261
267
267
261
261
261
267
262
267
263
267
264
267
265
267
266
267
262
263
267
267
263
267
264
267
265
267
266
266
263
267
264
265
267
267
265
265
265
267
266
266
266
267
267
265
266
266
265
265
265
266
266
269
271
271
269
269
269
271
270
270
270
271
271
269
270
270
269
269
269
270
270
273
278
278
273
278
274
278
275
278
276
278
277
278
273
274
278
278
274
278
275
275
274
278
276
276
275
278
277
277
276
278
277
274
276
276
274
274
274
276
275
276
275
280
368
368
280
280
280
368
281
281
281
368
282
368
283
283
282
368
284
284
283
368
285
368
286
368
287
287
284
368
288
368
289
368
290
368
291
291
285
368
292
292
286
368
293
368
294
294
287
368
295
368
296
368
297
368
298
368
299
368
300
300
288
368
301
368
302
368
303
303
289
368
304
304
290
368
305
305
291
368
306
306
292
368
307
307
293
368
308
308
294
368
309
368
310
368
311
368
312
368
313
313
295
368
314
368
315
315
296
368
316
368
317
317
297
368
318
368
319
368
320
368
321
368
322
368
323
323
298
368
324
368
325
368
326
368
327
368
328
368
329
329
299
368
330
330
300
368
331
331
301
368
332
368
333
368
334
368
335
335
302
368
336
368
337
368
338
368
339
368
340
368
341
341
303
368
342
368
343
368
344
344
304
368
345
345
305
368
346
368
347
368
348
368
349
349
306
368
350
350
307
368
351
351
308
368
352
352
309
368
353
353
310
368
354
368
355
368
356
368
357
357
311
368
358
368
359
359
312
368
360
360
313
368
361
361
314
368
362
362
315
368
363
363
316
368
364
364
317
368
365
365
318
368
366
368
367
368
319
280
318
318
280
280
280
318
281
281
281
318
282
282
282
318
283
283
283
318
284
284
284
318
285
285
285
318
286
286
286
318
287
287
287
318
288
288
288
318
289
289
289
318
290
290
290
318
291
291
291
318
292
292
292
318
293
293
293
318
294
294
294
318
295
295
295
318
296
296
296
318
297
297
297
318
298
298
298
318
299
299
299
318
300
300
300
318
301
301
301
318
302
302
302
318
303
303
303
318
304
304
304
318
305
305
305
318
306
306
306
318
307
307
307
318
308
308
308
318
309
309
309
318
310
310
310
318
311
311
311
318
312
312
312
318
313
313
313
318
314
314
314
318
315
315
315
318
316
316
316
318
317
317
317
318
318
280
317
317
280
280
280
317
281
317
282
282
281
317
283
317
284
284
282
317
285
285
283
317
286
317
287
287
284
317
288
288
285
317
289
289
286
317
290
317
291
291
287
317
292
292
288
317
293
293
289
317
294
294
290
317
295
295
291
317
296
317
297
297
292
317
298
317
299
317
300
317
301
301
293
317
302
317
303
303
294
317
304
304
295
317
305
317
306
306
296
317
307
307
297
317
308
308
298
317
309
317
310
310
299
317
311
317
312
317
313
313
300
317
314
317
315
317
316
317
301
280
300
300
280
300
281
281
280
300
282
282
281
300
283
283
282
300
284
284
283
300
285
285
284
300
286
286
285
300
287
287
286
300
288
288
287
300
289
289
288
300
290
300
291
291
289
300
292
292
290
300
293
293
291
300
294
294
292
300
295
295
293
300
296
296
294
300
297
297
295
300
298
298
296
300
299
299
297
300
298
280
297
297
280
280
280
297
281
281
281
297
282
282
282
297
283
283
283
297
284
284
284
297
285
285
285
297
286
286
286
297
287
287
287
297
288
297
289
289
288
297
290
290
289
297
291
297
292
292
290
297
293
293
291
297
294
294
292
297
295
295
293
297
296
296
294
297
295
280
294
294
280
280
280
294
281
294
282
282
281
294
283
283
282
294
284
284
283
294
285
294
286
286
284
294
287
287
285
294
288
288
286
294
289
289
287
294
290
290
288
294
291
291
289
294
292
292
290
294
293
293
291
294
292
280
291
291
280
280
280
291
281
281
281
291
282
282
282
291
283
283
283
291
284
284
284
291
285
285
285
291
286
286
286
291
287
287
287
291
288
288
288
291
289
289
289
291
290
290
290
291
291
280
290
290
280
290
281
290
282
282
280
290
283
290
284
290
285
290
286
286
281
290
287
290
288
288
282
290
289
290
283
280
282
282
280
280
280
282
281
281
281
282
282
280
281
281
280
281
280
284
290
290
284
284
284
290
285
285
285
290
286
286
286
290
287
287
287
290
288
288
288
290
289
289
289
290
290
284
289
289
284
289
285
289
286
289
287
287
284
289
288
289
285
286
289
289
286
289
287
289
288
289
286
287
289
289
287
287
287
289
288
289
288
293
294
294
293
293
293
294
294
296
297
297
296
297
296
299
300
300
299
299
299
300
300
302
317
317
302
317
303
317
304
317
305
305
302
317
306
306
303
317
307
307
304
317
308
317
309
309
305
317
310
310
306
317
311
311
307
317
312
317
313
317
314
317
315
315
308
317
316
316
309
317
310
302
309
309
302
302
302
309
303
303
303
309
304
304
304
309
305
305
305
309
306
306
306
309
307
307
307
309
308
308
308
309
309
302
308
308
302
302
302
308
303
308
304
304
303
308
305
305
304
308
306
306
305
308
307
307
306
308
307
302
306
306
302
302
302
306
303
303
303
306
304
304
304
306
305
305
305
306
306
302
305
305
302
302
302
305
303
305
304
305
303
304
305
305
304
305
304
311
317
317
311
317
312
312
311
317
313
313
312
317
314
317
315
315
313
317
316
316
314
317
315
311
314
314
311
314
312
314
313
314
311
312
314
314
312
314
313
313
312
314
313
316
317
317
316
317
316
320
368
368
320
368
321
368
322
322
320
368
323
368
324
368
325
368
326
326
321
368
327
368
328
368
329
368
330
330
322
368
331
331
323
368
332
332
324
368
333
333
325
368
334
334
326
368
335
368
336
368
337
368
338
368
339
368
340
368
341
341
327
368
342
368
343
368
344
344
328
368
345
345
329
368
346
346
330
368
347
368
348
348
331
368
349
368
350
368
351
351
332
368
352
368
353
368
354
354
333
368
355
355
334
368
356
368
357
357
335
368
358
368
359
368
360
368
361
368
362
368
363
368
364
368
365
365
336
368
366
368
367
367
337
368
338
320
337
337
320
320
320
337
321
321
321
337
322
337
323
337
324
324
322
337
325
325
323
337
326
337
327
337
328
328
324
337
329
329
325
337
330
330
326
337
331
337
332
332
327
337
333
337
334
334
328
337
335
335
329
337
336
336
330
337
331
320
330
330
320
320
320
330
321
330
322
330
323
323
321
330
324
324
322
330
325
325
323
330
326
326
324
330
327
327
325
330
328
328
326
330
329
330
327
320
326
326
320
320
320
326
321
321
321
326
322
326
323
326
324
324
322
326
325
326
323
320
322
322
320
322
321
322
320
321
322
322
321
322
321
324
326
326
324
326
325
326
324
325
326
326
325
326
325
328
330
330
328
330
329
330
328
329
330
330
329
329
329
330
330
332
337
337
332
337
333
333
332
337
334
337
335
337
336
336
333
337
334
332
333
333
332
332
332
333
333
335
337
337
335
337
336
337
335
336
337
337
336
336
336
337
337
339
368
368
339
339
339
368
340
368
341
368
342
368
343
368
344
368
345
368
346
368
347
368
348
368
349
368
350
368
351
368
352
368
353
368
354
368
355
368
356
368
357
368
358
368
359
368
360
368
361
368
362
368
363
363
340
368
364
368
365
368
366
368
367
368
341
339
340
340
339
340
339
342
368
368
342
342
342
368
343
368
344
368
345
368
346
368
347
368
348
368
349
349
343
368
350
368
351
351
344
368
352
368
353
353
345
368
354
368
355
368
356
368
357
368
358
368
359
368
360
368
361
361
346
368
362
368
363
368
364
368
365
365
347
368
366
366
348
368
367
368
349
342
348
348
342
342
342
348
343
343
343
348
344
344
344
348
345
345
345
348
346
346
346
348
347
347
347
348
348
342
347
347
342
347
343
347
344
347
345
347
346
347
342
343
347
347
343
347
344
347
345
347
346
346
343
347
344
345
347
347
345
347
346
347
345
346
347
347
346
347
346
350
368
368
350
350
350
368
351
351
351
368
352
352
352
368
353
353
353
368
354
368
355
368
356
356
354
368
357
368
358
358
355
368
359
368
360
360
356
368
361
361
357
368
362
368
363
363
358
368
364
368
365
368
366
366
359
368
367
368
360
350
359
359
350
350
350
359
351
351
351
359
352
352
352
359
353
359
354
354
353
359
355
359
356
359
357
359
358
358
354
359
355
350
354
354
350
350
350
354
351
351
351
354
352
354
353
353
352
354
353
350
352
352
350
350
350
352
351
352
351
356
359
359
356
356
356
359
357
357
357
359
358
359
358
356
357
357
356
357
356
361
368
368
361
361
361
368
362
362
362
368
363
363
363
368
364
368
365
365
364
368
366
366
365
368
367
367
366
368
367
361
366
366
361
361
361
366
362
362
362
366
363
363
363
366
364
364
364
366
365
365
365
366
366
361
365
365
361
365
362
365
363
363
361
365
364
364
362
365
363
361
362
362
361
361
361
362
362
364
365
365
364
365
364
370
381
381
370
381
371
381
372
381
373
381
374
381
375
381
376
381
377
381
378
381
379
379
370
381
380
381
371
372
381
381
372
381
373
381
374
381
375
381
376
381
377
381
378
381
379
381
380
381
372
373
381
381
373
381
374
381
375
375
373
381
376
381
377
377
374
381
378
381
379
379
375
381
380
381
376
373
375
375
373
375
374
375
373
374
375
375
374
375
374
377
381
381
377
381
378
381
379
381
380
381
377
378
381
381
378
381
379
381
380
381
378
379
381
381
379
381
380
380
379
381
380
383
662
662
383
383
383
662
384
384
384
662
385
385
385
662
386
386
386
662
387
387
387
662
388
388
388
662
389
389
389
662
390
390
390
662
391
391
391
662
392
392
392
662
393
393
393
662
394
394
394
662
395
395
395
662
396
396
396
662
397
397
397
662
398
398
398
662
399
399
399
662
400
400
400
662
401
662
402
402
401
662
403
403
402
662
404
404
403
662
405
405
404
662
406
406
405
662
407
407
406
662
408
408
407
662
409
409
408
662
410
410
409
662
411
411
410
662
412
412
411
662
413
413
412
662
414
414
413
662
415
415
414
662
416
416
415
662
417
417
416
662
418
418
417
662
419
419
418
662
420
420
419
662
421
421
420
662
422
422
421
662
423
423
422
662
424
424
423
662
425
425
424
662
426
426
425
662
427
427
426
662
428
428
427
662
429
429
428
662
430
430
429
662
431
431
430
662
432
432
431
662
433
433
432
662
434
434
433
662
435
435
434
662
436
436
435
662
437
437
436
662
438
438
437
662
439
439
438
662
440
440
439
662
441
441
440
662
442
442
441
662
443
443
442
662
444
444
443
662
445
445
444
662
446
446
445
662
447
447
446
662
448
448
447
662
449
449
448
662
450
450
449
662
451
451
450
662
452
452
451
662
453
453
452
662
454
454
453
662
455
455
454
662
456
456
455
662
457
457
456
662
458
458
457
662
459
459
458
662
460
460
459
662
461
461
460
662
462
462
461
662
463
463
462
662
464
464
463
662
465
465
464
662
466
466
465
662
467
467
466
662
468
468
467
662
469
469
468
662
470
470
469
662
471
471
470
662
472
472
471
662
473
473
472
662
474
474
473
662
475
475
474
662
476
476
475
662
477
477
476
662
478
478
477
662
479
479
478
662
480
480
479
662
481
662
482
482
480
662
483
483
481
662
484
484
482
662
485
485
483
662
486
486
484
662
487
487
485
662
488
488
486
662
489
489
487
662
490
490
488
662
491
491
489
662
492
492
490
662
493
493
491
662
494
494
492
662
495
495
493
662
496
496
494
662
497
497
495
662
498
498
496
662
499
499
497
662
500
500
498
662
501
501
499
662
502
502
500
662
503
503
501
662
504
504
502
662
505
505
503
662
506
506
504
662
507
507
505
662
508
508
506
662
509
509
507
662
510
510
508
662
511
511
509
662
512
512
510
662
513
513
511
662
514
514
512
662
515
515
513
662
516
516
514
662
517
517
515
662
518
518
516
662
519
519
517
662
520
520
518
662
521
521
519
662
522
522
520
662
523
523
521
662
524
524
522
662
525
525
523
662
526
526
524
662
527
527
525
662
528
528
526
662
529
529
527
662
530
530
528
662
531
531
529
662
532
532
530
662
533
533
531
662
534
534
532
662
535
535
533
662
536
536
534
662
537
537
535
662
538
538
536
662
539
539
537
662
540
540
538
662
541
541
539
662
542
542
540
662
543
543
541
662
544
544
542
662
545
545
543
662
546
546
544
662
547
547
545
662
548
548
546
662
549
549
547
662
550
550
548
662
551
662
552
552
549
662
553
662
554
554
550
662
555
555
551
662
556
556
552
662
557
557
553
662
558
558
554
662
559
559
555
662
560
560
556
662
561
561
557
662
562
562
558
662
563
563
559
662
564
564
560
662
565
565
561
662
566
566
562
662
567
567
563
662
568
568
564
662
569
569
565
662
570
570
566
662
571
571
567
662
572
572
568
662
573
573
569
662
574
574
570
662
575
575
571
662
576
576
572
662
577
577
573
662
578
578
574
662
579
579
575
662
580
580
576
662
581
581
577
662
582
582
578
662
583
583
579
662
584
584
580
662
585
585
581
662
586
586
582
662
587
587
583
662
588
588
584
662
589
589
585
662
590
590
586
662
591
591
587
662
592
592
588
662
593
593
589
662
594
594
590
662
595
595
591
662
596
596
592
662
597
597
593
662
598
598
594
662
599
599
595
662
600
600
596
662
601
601
597
662
602
602
598
662
603
603
599
662
604
604
600
662
605
605
601
662
606
606
602
662
607
607
603
662
608
608
604
662
609
609
605
662
610
610
606
662
611
611
607
662
612
612
608
662
613
613
609
662
614
614
610
662
615
615
611
662
616
616
612
662
617
617
613
662
618
618
614
662
619
619
615
662
620
620
616
662
621
621
617
662
622
622
618
662
623
623
619
662
624
624
620
662
625
625
621
662
626
626
622
662
627
627
623
662
628
628
624
662
629
629
625
662
630
630
626
662
631
631
627
662
632
632
628
662
633
633
629
662
634
634
630
662
635
635
631
662
636
636
632
662
637
637
633
662
638
638
634
662
639
639
635
662
640
640
636
662
641
641
637
662
642
642
638
662
643
643
639
662
644
644
640
662
645
645
641
662
646
646
642
662
647
647
643
662
648
648
644
662
649
649
645
662
650
650
646
662
651
651
647
662
652
652
648
662
653
653
649
662
654
654
650
662
655
655
651
662
656
656
652
662
657
657
653
662
658
658
654
662
659
659
655
662
660
660
656
662
661
661
657
662
658
383
657
657
383
383
383
657
384
657
385
657
386
657
387
657
388
657
389
657
390
657
391
391
384
657
392
392
385
657
393
657
394
394
386
657
395
657
396
396
387
657
397
397
388
657
398
657
399
657
400
400
389
657
401
401
390
657
402
402
391
657
403
657
404
657
405
405
392
657
406
406
393
657
407
407
394
657
408
657
409
657
410
410
395
657
411
411
396
657
412
412
397
657
413
413
398
657
414
657
415
415
399
657
416
657
417
657
418
657
419
657
420
657
421
657
422
422
400
657
423
423
401
657
424
657
425
657
426
426
402
657
427
657
428
428
403
657
429
429
404
657
430
657
431
431
405
657
432
432
406
657
433
433
407
657
434
434
408
657
435
657
436
436
409
657
437
657
438
438
410
657
439
439
411
657
440
657
441
441
412
657
442
657
443
443
413
657
444
444
414
657
445
445
415
657
446
446
416
657
447
447
417
657
448
657
449
657
450
450
418
657
451
657
452
452
419
657
453
657
454
657
455
657
456
657
457
657
458
458
420
657
459
657
460
657
461
461
421
657
462
462
422
657
463
463
423
657
464
657
465
465
424
657
466
466
425
657
467
467
426
657
468
468
427
657
469
657
470
470
428
657
471
657
472
657
473
473
429
657
474
474
430
657
475
657
476
476
431
657
477
657
478
657
479
657
480
657
481
481
432
657
482
657
483
483
433
657
484
657
485
657
486
486
434
657
487
657
488
657
489
657
490
657
491
657
492
492
435
657
493
657
494
657
495
657
496
657
497
497
436
657
498
657
499
657
500
500
437
657
501
501
438
657
502
657
503
657
504
504
439
657
505
657
506
506
440
657
507
657
508
508
441
657
509
509
442
657
510
657
511
511
443
657
512
512
444
657
513
513
445
657
514
514
446
657
515
515
447
657
516
657
517
657
518
657
519
519
448
657
520
657
521
521
449
657
522
657
523
523
450
657
524
657
525
657
526
657
527
657
528
528
451
657
529
657
530
657
531
531
452
657
532
657
533
533
453
657
534
657
535
657
536
657
537
537
454
657
538
657
539
657
540
657
541
657
542
542
455
657
543
657
544
544
456
657
545
545
457
657
546
546
458
657
547
657
548
548
459
657
549
657
550
550
460
657
551
551
461
657
552
552
462
657
553
553
463
657
554
554
464
657
555
657
556
657
557
557
465
657
558
558
466
657
559
559
467
657
560
560
468
657
561
657
562
657
563
563
469
657
564
657
565
565
470
657
566
657
567
567
471
657
568
568
472
657
569
569
473
657
570
657
571
657
572
657
573
657
574
574
474
657
575
657
576
657
577
577
475
657
578
657
579
657
580
580
476
657
581
581
477
657
582
657
583
657
584
584
478
657
585
657
586
586
479
657
587
657
588
657
589
657
590
657
591
591
480
657
592
592
481
657
593
657
594
594
482
657
595
657
596
657
597
657
598
657
599
657
600
600
483
657
601
657
602
657
603
657
604
604
484
657
605
657
606
657
607
657
608
657
609
609
485
657
610
657
611
611
486
657
612
657
613
657
614
614
487
657
615
615
488
657
616
657
617
657
618
618
489
657
619
657
620
657
621
657
622
622
490
657
623
657
624
657
625
657
626
657
627
627
491
657
628
657
629
657
630
657
631
631
492
657
632
657
633
633
493
657
634
657
635
657
636
657
637
657
638
657
639
657
640
657
641
641
494
657
642
657
643
643
495
657
644
644
496
657
645
657
646
657
647
657
648
657
649
649
497
657
650
657
651
657
652
657
653
657
654
654
498
657
655
657
656
657
499
383
498
498
383
383
383
498
384
384
384
498
385
498
386
386
385
498
387
387
386
498
388
388
387
498
389
389
388
498
390
390
389
498
391
498
392
498
393
498
394
498
395
395
390
498
396
498
397
498
398
398
391
498
399
498
400
400
392
498
401
498
402
402
393
498
403
403
394
498
404
404
395
498
405
405
396
498
406
406
397
498
407
407
398
498
408
498
409
498
410
410
399
498
411
498
412
412
400
498
413
498
414
498
415
415
401
498
416
416
402
498
417
417
403
498
418
418
404
498
419
498
420
498
421
421
405
498
422
422
406
498
423
423
407
498
424
424
408
498
425
425
409
498
426
426
410
498
427
427
411
498
428
428
412
498
429
429
413
498
430
430
414
498
431
431
415
498
432
432
416
498
433
498
434
434
417
498
435
498
436
436
418
498
437
437
419
498
438
438
420
498
439
439
421
498
440
498
441
498
442
442
422
498
443
443
423
498
444
498
445
498
446
446
424
498
447
447
425
498
448
498
449
449
426
498
450
450
427
498
451
498
452
498
453
453
428
498
454
454
429
498
455
455
430
498
456
498
457
457
431
498
458
458
432
498
459
498
460
498
461
461
433
498
462
462
434
498
463
498
464
464
435
498
465
498
466
466
436
498
467
467
437
498
468
468
438
498
469
498
470
498
471
498
472
498
473
473
439
498
474
498
475
498
476
476
440
498
477
498
478
498
479
479
441
498
480
480
442
498
481
498
482
482
443
498
483
498
484
484
444
498
485
498
486
486
445
498
487
487
446
498
488
498
489
498
490
498
491
491
447
498
492
498
493
493
448
498
494
498
495
495
449
498
496
496
450
498
497
497
451
498
452
383
451
451
383
451
384
451
385
451
386
386
383
451
387
387
384
451
388
451
389
451
390
451
391
451
392
451
393
393
385
451
394
451
395
451
396
451
397
451
398
398
386
451
399
451
400
400
387
451
401
451
402
451
403
403
388
451
404
451
405
405
389
451
406
406
390
451
407
451
408
451
409
451
410
410
391
451
411
451
412
412
392
451
413
451
414
451
415
451
416
451
417
417
393
451
418
418
394
451
419
451
420
451
421
451
422
451
423
451
424
451
425
451
426
451
427
427
395
451
428
451
429
451
430
451
431
451
432
451
433
451
434
451
435
451
436
451
437
451
438
438
396
451
439
451
440
451
441
451
442
451
443
451
444
451
445
445
397
451
446
446
398
451
447
451
448
451
449
451
450
451
399
383
398
398
383
383
383
398
384
398
385
385
384
398
386
398
387
387
385
398
388
398
389
398
390
390
386
398
391
398
392
398
393
398
394
398
395
395
387
398
396
398
397
398
388
383
387
387
383
387
384
387
385
385
383
387
386
387
384
385
387
387
385
385
385
387
386
387
386
389
398
398
389
398
390
390
389
398
391
391
390
398
392
398
393
398
394
398
395
398
396
396
391
398
397
397
392
398
393
389
392
392
389
389
389
392
390
390
390
392
391
391
391
392
392
389
391
391
389
391
390
391
389
390
391
391
390
391
390
394
398
398
394
394
394
398
395
395
395
398
396
396
396
398
397
397
397
398
398
394
397
397
394
397
395
397
396
397
394
395
397
397
395
397
396
397
395
396
397
397
396
397
396
400
451
451
400
451
401
401
400
451
402
402
401
451
403
451
404
404
402
451
405
451
406
451
407
451
408
451
409
451
410
451
411
451
412
451
413
451
414
414
403
451
415
451
416
451
417
451
418
451
419
451
420
451
421
451
422
451
423
451
424
451
425
451
426
451
427
451
428
451
429
451
430
451
431
451
432
451
433
451
434
451
435
451
436
451
437
451
438
451
439
451
440
440
404
451
441
451
442
451
443
451
444
444
405
451
445
451
446
451
447
451
448
451
449
449
406
451
450
451
407
400
406
406
400
400
400
406
401
401
401
406
402
406
403
406
404
406
405
406
402
400
401
401
400
401
400
403
406
406
403
406
404
406
405
406
403
404
406
406
404
404
404
406
405
406
405
408
451
451
408
451
409
451
410
410
408
451
411
451
412
412
409
451
413
451
414
451
415
415
410
451
416
451
417
451
418
451
419
451
420
451
421
451
422
451
423
451
424
451
425
451
426
451
427
451
428
451
429
429
411
451
430
451
431
451
432
432
412
451
433
451
434
451
435
451
436
451
437
451
438
451
439
451
440
451
441
451
442
451
443
451
444
451
445
445
413
451
446
451
447
451
448
451
449
451
450
451
414
408
413
413
408
408
408
413
409
409
409
413
410
413
411
411
410
413
412
413
411
408
410
410
408
408
408
410
409
409
409
410
410
408
409
409
408
408
408
409
409
412
413
413
412
413
412
415
451
451
415
415
415
451
416
451
417
417
416
451
418
451
419
419
417
451
420
451
421
421
418
451
422
451
423
423
419
451
424
451
425
451
426
451
427
427
420
451
428
451
429
429
421
451
430
451
431
431
422
451
432
432
423
451
433
433
424
451
434
434
425
451
435
435
426
451
436
451
437
437
427
451
438
451
439
439
428
451
440
451
441
451
442
442
429
451
443
451
444
444
430
451
445
451
446
446
431
451
447
447
432
451
448
451
449
449
433
451
450
451
434
415
433
433
415
415
415
433
416
416
416
433
417
417
417
433
418
418
418
433
419
433
420
420
419
433
421
421
420
433
422
422
421
433
423
433
424
424
422
433
425
425
423
433
426
426
424
433
427
433
428
428
425
433
429
433
430
430
426
433
431
431
427
433
432
432
428
433
429
415
428
428
415
415
415
428
416
428
417
417
416
428
418
418
417
428
419
419
418
428
420
420
419
428
421
421
420
428
422
422
421
428
423
428
424
428
425
428
426
428
427
428
422
415
421
421
415
415
415
421
416
416
416
421
417
417
417
421
418
418
418
421
419
419
419
421
420
420
420
421
421
415
420
420
415
415
415
420
416
416
416
420
417
417
417
420
418
418
418
420
419
419
419
420
420
415
419
419
415
415
415
419
416
416
416
419
417
417
417
419
418
418
418
419
419
415
418
418
415
415
415
418
416
418
417
418
416
417
418
418
417
418
417
423
428
428
423
428
424
428
425
428
426
428
427
428
423
424
428
428
424
424
424
428
425
425
425
428
426
426
426
428
427
427
427
428
428
424
427
427
424
427
425
427
426
427
424
425
427
427
425
427
426
426
425
427
426
430
433
433
430
433
431
431
430
433
432
432
431
433
432
430
431
431
430
430
430
431
431
435
451
451
435
435
435
451
436
451
437
437
436
451
438
451
439
451
440
440
437
451
441
451
442
442
438
451
443
443
439
451
444
444
440
451
445
445
441
451
446
451
447
447
442
451
448
448
443
451
449
451
450
451
444
435
443
443
435
435
435
443
436
436
436
443
437
437
437
443
438
438
438
443
439
439
439
443
440
440
440
443
441
441
441
443
442
442
442
443
443
435
442
442
435
442
436
442
437
442
438
442
439
442
440
442
441
442
435
436
442
442
436
442
437
442
438
438
436
442
439
442
440
442
441
442
437
438
442
442
438
438
438
442
439
442
440
442
441
441
439
442
440
438
439
439
438
438
438
439
439
441
442
442
441
442
441
445
451
451
445
445
445
451
446
446
446
451
447
447
447
451
448
448
448
451
449
449
449
451
450
450
450
451
451
445
450
450
445
445
445
450
446
446
446
450
447
447
447
450
448
448
448
450
449
449
449
450
450
445
449
449
445
445
445
449
446
446
446
449
447
447
447
449
448
448
448
449
449
445
448
448
445
448
446
448
447
447
445
448
446
447
448
448
447
447
447
448
448
453
498
498
453
498
454
454
453
498
455
498
456
498
457
457
454
498
458
498
459
459
455
498
460
460
456
498
461
461
457
498
462
498
463
463
458
498
464
464
459
498
465
465
460
498
466
498
467
467
461
498
468
498
469
469
462
498
470
470
463
498
471
471
464
498
472
498
473
498
474
498
475
475
465
498
476
476
466
498
477
477
467
498
478
498
479
498
480
498
481
498
482
498
483
498
484
484
468
498
485
485
469
498
486
486
470
498
487
498
488
488
471
498
489
489
472
498
490
498
491
498
492
498
493
498
494
494
473
498
495
495
474
498
496
498
497
497
475
498
476
453
475
475
453
453
453
475
454
475
455
455
454
475
456
456
455
475
457
457
456
475
458
475
459
459
457
475
460
460
458
475
461
475
462
462
459
475
463
463
460
475
464
464
461
475
465
465
462
475
466
466
463
475
467
467
464
475
468
468
465
475
469
475
470
475
471
471
466
475
472
472
467
475
473
473
468
475
474
474
469
475
470
453
469
469
453
469
454
469
455
469
456
469
457
469
458
469
459
469
460
460
453
469
461
469
462
469
463
469
464
464
454
469
465
465
455
469
466
469
467
467
456
469
468
469
457
453
456
456
453
453
453
456
454
454
454
456
455
455
455
456
456
453
455
455
453
453
453
455
454
454
454
455
455
453
454
454
453
453
453
454
454
458
469
469
458
458
458
469
459
459
459
469
460
460
460
469
461
461
461
469
462
462
462
469
463
469
464
464
463
469
465
469
466
466
464
469
467
467
465
469
468
468
466
469
467
458
466
466
458
458
458
466
459
459
459
466
460
460
460
466
461
461
461
466
462
466
463
466
464
464
462
466
465
466
463
458
462
462
458
462
459
462
460
462
461
462
458
459
462
462
459
462
460
460
459
462
461
462
460
461
462
462
461
461
461
462
462
464
466
466
464
466
465
466
464
465
466
466
465
465
465
466
466
468
469
469
468
469
468
471
475
475
471
475
472
475
473
475
474
475
471
472
475
475
472
472
472
475
473
475
474
475
473
474
475
475
474
474
474
475
475
477
498
498
477
477
477
498
478
478
478
498
479
479
479
498
480
480
480
498
481
498
482
482
481
498
483
483
482
498
484
498
485
485
483
498
486
486
484
498
487
487
485
498
488
488
486
498
489
489
487
498
490
490
488
498
491
491
489
498
492
498
493
498
494
494
490
498
495
495
491
498
496
496
492
498
497
497
493
498
494
477
493
493
477
477
477
493
478
478
478
493
479
479
479
493
480
480
480
493
481
493
482
482
481
493
483
483
482
493
484
484
483
493
485
485
484
493
486
486
485
493
487
487
486
493
488
488
487
493
489
493
490
490
488
493
491
491
489
493
492
492
490
493
491
477
490
490
477
490
478
478
477
490
479
479
478
490
480
490
481
481
479
490
482
490
483
483
480
490
484
490
485
485
481
490
486
486
482
490
487
490
488
490
489
490
483
477
482
482
477
482
478
482
479
482
480
482
481
482
477
478
482
482
478
482
479
479
478
482
480
480
479
482
481
481
480
482
481
478
480
480
478
478
478
480
479
479
479
480
480
478
479
479
478
479
478
484
490
490
484
490
485
490
486
490
487
490
488
488
484
490
489
490
485
486
490
490
486
486
486
490
487
487
487
490
488
490
489
489
488
490
489
486
488
488
486
486
486
488
487
487
487
488
488
486
487
487
486
486
486
487
487
492
493
493
492
492
492
493
493
495
498
498
495
495
495
498
496
498
497
498
496
497
498
498
497
498
497
500
657
657
500
657
501
657
502
657
503
657
504
504
500
657
505
657
506
657
507
657
508
657
509
657
510
510
501
657
511
657
512
657
513
657
514
657
515
657
516
657
517
657
518
657
519
657
520
657
521
657
522
657
523
657
524
657
525
657
526
657
527
657
528
657
529
529
502
657
530
657
531
657
532
657
533
657
534
657
535
657
536
657
537
537
503
657
538
657
539
657
540
657
541
657
542
657
543
657
544
544
504
657
545
657
546
657
547
657
548
657
549
657
550
657
551
657
552
657
553
657
554
657
555
657
556
657
557
657
558
657
559
657
560
657
561
657
562
657
563
657
564
657
565
657
566
657
567
657
568
657
569
569
505
657
570
657
571
657
572
657
573
657
574
657
575
657
576
657
577
657
578
657
579
657
580
657
581
657
582
657
583
657
584
584
506
657
585
657
586
657
587
657
588
657
589
657
590
657
591
657
592
657
593
657
594
657
595
657
596
657
597
657
598
657
599
657
600
657
601
657
602
657
603
657
604
657
605
657
606
657
607
657
608
608
507
657
609
609
508
657
610
657
611
657
612
657
613
657
614
657
615
657
616
657
617
657
618
657
619
657
620
657
621
621
509
657
622
622
510
657
623
657
624
657
625
657
626
657
627
657
628
657
629
657
630
657
631
657
632
657
633
633
511
657
634
657
635
657
636
657
637
637
512
657
638
657
639
657
640
657
641
657
642
657
643
657
644
657
645
657
646
657
647
657
648
657
649
657
650
657
651
657
652
657
653
657
654
657
655
657
656
656
513
657
514
500
513
513
500
513
501
501
500
513
502
502
501
513
503
503
502
513
504
513
505
505
503
513
506
506
504
513
507
513
508
508
505
513
509
509
506
513
510
510
507
513
511
513
512
512
508
513
509
500
508
508
500
500
500
508
501
508
502
508
503
508
504
504
501
508
505
508
506
508
507
508
502
500
501
501
500
501
500
503
508
508
503
503
503
508
504
504
504
508
505
505
505
508
506
506
506
508
507
507
507
508
508
503
507
507
503
507
504
504
503
507
505
505
504
507
506
507
505
503
504
504
503
503
503
504
504
506
507
507
506
507
506
510
513
513
510
513
511
513
512
513
510
511
513
513
511
513
512
513
511
512
513
513
512
512
512
513
513
515
657
657
515
657
516
516
515
657
517
517
516
657
518
518
517
657
519
519
518
657
520
520
519
657
521
521
520
657
522
522
521
657
523
523
522
657
524
524
523
657
525
525
524
657
526
526
525
657
527
527
526
657
528
657
529
529
527
657
530
530
528
657
531
531
529
657
532
657
533
657
534
534
530
657
535
535
531
657
536
536
532
657
537
537
533
657
538
657
539
657
540
540
534
657
541
541
535
657
542
542
536
657
543
543
537
657
544
544
538
657
545
657
546
657
547
547
539
657
548
548
540
657
549
549
541
657
550
657
551
551
542
657
552
552
543
657
553
657
554
554
544
657
555
657
556
556
545
657
557
657
558
558
546
657
559
559
547
657
560
560
548
657
561
657
562
562
549
657
563
563
550
657
564
564
551
657
565
565
552
657
566
657
567
657
568
568
553
657
569
569
554
657
570
570
555
657
571
571
556
657
572
572
557
657
573
573
558
657
574
574
559
657
575
575
560
657
576
657
577
577
561
657
578
578
562
657
579
579
563
657
580
580
564
657
581
581
565
657
582
582
566
657
583
657
584
657
585
585
567
657
586
586
568
657
587
587
569
657
588
588
570
657
589
589
571
657
590
657
591
591
572
657
592
657
593
593
573
657
594
594
574
657
595
595
575
657
596
596
576
657
597
597
577
657
598
598
578
657
599
599
579
657
600
600
580
657
601
601
581
657
602
602
582
657
603
657
604
604
583
657
605
605
584
657
606
606
585
657
607
607
586
657
608
657
609
609
587
657
610
610
588
657
611
611
589
657
612
612
590
657
613
613
591
657
614
614
592
657
615
657
616
657
617
617
593
657
618
657
619
619
594
657
620
620
595
657
621
621
596
657
622
622
597
657
623
657
624
657
625
625
598
657
626
626
599
657
627
657
628
657
629
629
600
657
630
657
631
631
601
657
632
657
633
633
602
657
634
657
635
657
636
636
603
657
637
657
638
638
604
657
639
639
605
657
640
640
606
657
641
657
642
642
607
657
643
657
644
644
608
657
645
645
609
657
646
646
610
657
647
647
611
657
648
657
649
657
650
650
612
657
651
651
613
657
652
652
614
657
653
657
654
654
615
657
655
655
616
657
656
656
617
657
618
515
617
617
515
515
515
617
516
516
516
617
517
517
517
617
518
518
518
617
519
519
519
617
520
520
520
617
521
521
521
617
522
522
522
617
523
523
523
617
524
524
524
617
525
525
525
617
526
526
526
617
527
617
528
617
529
529
527
617
530
530
528
617
531
531
529
617
532
532
530
617
533
533
531
617
534
534
532
617
535
535
533
617
536
536
534
617
537
537
535
617
538
538
536
617
539
539
537
617
540
540
538
617
541
541
539
617
542
542
540
617
543
543
541
617
544
544
542
617
545
545
543
617
546
546
544
617
547
547
545
617
548
617
549
549
546
617
550
550
547
617
551
551
548
617
552
552
549
617
553
553
550
617
554
554
551
617
555
555
552
617
556
556
553
617
557
557
554
617
558
617
559
559
555
617
560
560
556
617
561
561
557
617
562
562
558
617
563
617
564
564
559
617
565
565
560
617
566
617
567
567
561
617
568
568
562
617
569
569
563
617
570
570
564
617
571
571
565
617
572
572
566
617
573
573
567
617
574
574
568
617
575
575
569
617
576
576
570
617
577
577
571
617
578
578
572
617
579
579
573
617
580
580
574
617
581
581
575
617
582
582
576
617
583
583
577
617
584
584
578
617
585
585
579
617
586
586
580
617
587
587
581
617
588
588
582
617
589
589
583
617
590
590
584
617
591
591
585
617
592
592
586
617
593
593
587
617
594
594
588
617
595
595
589
617
596
596
590
617
597
597
591
617
598
598
592
617
599
599
593
617
600
600
594
617
601
601
595
617
602
602
596
617
603
603
597
617
604
604
598
617
605
605
599
617
606
606
600
617
607
607
601
617
608
608
602
617
609
609
603
617
610
610
604
617
611
611
605
617
612
612
606
617
613
613
607
617
614
614
608
617
615
615
609
617
616
616
610
617
611
515
610
610
515
610
516
610
517
610
518
518
515
610
519
610
520
520
516
610
521
521
517
610
522
610
523
610
524
610
525
610
526
526
518
610
527
527
519
610
528
610
529
610
530
530
520
610
531
610
532
610
533
610
534
610
535
610
536
610
537
610
538
610
539
610
540
610
541
610
542
610
543
543
521
610
544
610
545
610
546
610
547
610
548
610
549
610
550
610
551
610
552
552
522
610
553
610
554
610
555
555
523
610
556
556
524
610
557
610
558
610
559
559
525
610
560
560
526
610
561
610
562
562
527
610
563
610
564
610
565
565
528
610
566
610
567
610
568
610
569
610
570
610
571
571
529
610
572
610
573
610
574
610
575
610
576
610
577
610
578
578
530
610
579
579
531
610
580
580
532
610
581
610
582
610
583
610
584
610
585
610
586
586
533
610
587
610
588
610
589
589
534
610
590
590
535
610
591
610
592
610
593
610
594
610
595
610
596
610
597
610
598
598
536
610
599
610
600
600
537
610
601
601
538
610
602
610
603
610
604
610
605
610
606
606
539
610
607
610
608
610
609
609
540
610
541
515
540
540
515
515
515
540
516
516
516
540
517
517
517
540
518
518
518
540
519
519
519
540
520
520
520
540
521
521
521
540
522
522
522
540
523
523
523
540
524
524
524
540
525
525
525
540
526
526
526
540
527
527
527
540
528
528
528
540
529
529
529
540
530
530
530
540
531
531
531
540
532
532
532
540
533
533
533
540
534
534
534
540
535
535
535
540
536
536
536
540
537
537
537
540
538
538
538
540
539
540
539
515
538
538
515
515
515
538
516
538
517
517
516
538
518
538
519
538
520
538
521
521
517
538
522
538
523
538
524
538
525
525
518
538
526
526
519
538
527
538
528
538
529
538
530
538
531
538
532
538
533
538
534
534
520
538
535
538
536
538
537
538
521
515
520
520
515
515
515
520
516
520
517
520
518
520
519
520
516
517
520
520
517
520
518
520
519
519
517
520
518
519
520
520
519
520
519
522
538
538
522
522
522
538
523
523
523
538
524
524
524
538
525
525
525
538
526
538
527
538
528
528
526
538
529
538
530
530
527
538
531
531
528
538
532
532
529
538
533
533
530
538
534
538
535
535
531
538
536
536
532
538
537
537
533
538
534
522
533
533
522
522
522
533
523
533
524
524
523
533
525
533
526
526
524
533
527
527
525
533
528
528
526
533
529
533
530
530
527
533
531
531
528
533
532
533
529
522
528
528
522
528
523
528
524
524
522
528
525
528
526
526
523
528
527
528
524
522
523
523
522
523
522
525
528
528
525
528
526
526
525
528
527
528
526
527
528
528
527
528
527
530
533
533
530
533
531
533
532
533
530
531
533
533
531
533
532
532
531
533
532
535
538
538
535
538
536
538
537
538
535
536
538
538
536
538
537
538
536
537
538
538
537
537
537
538
538
542
610
610
542
542
542
610
543
543
543
610
544
544
544
610
545
610
546
546
545
610
547
547
546
610
548
548
547
610
549
549
548
610
550
610
551
551
549
610
552
552
550
610
553
610
554
554
551
610
555
555
552
610
556
556
553
610
557
610
558
610
559
559
554
610
560
610
561
561
555
610
562
562
556
610
563
563
557
610
564
564
558
610
565
565
559
610
566
566
560
610
567
610
568
568
561
610
569
569
562
610
570
610
571
571
563
610
572
572
564
610
573
573
565
610
574
610
575
575
566
610
576
576
567
610
577
577
568
610
578
578
569
610
579
579
570
610
580
580
571
610
581
581
572
610
582
582
573
610
583
583
574
610
584
584
575
610
585
610
586
586
576
610
587
587
577
610
588
588
578
610
589
610
590
590
579
610
591
610
592
592
580
610
593
593
581
610
594
594
582
610
595
595
583
610
596
596
584
610
597
597
585
610
598
610
599
599
586
610
600
600
587
610
601
601
588
610
602
602
589
610
603
603
590
610
604
610
605
605
591
610
606
606
592
610
607
607
593
610
608
610
609
609
594
610
595
542
594
594
542
594
543
594
544
594
545
594
546
594
547
594
548
594
549
594
550
594
551
594
552
594
553
594
554
594
555
594
556
594
557
594
558
594
559
594
560
594
561
594
562
594
563
594
564
594
565
594
566
594
567
594
568
594
569
594
570
594
571
594
572
594
573
594
574
594
575
594
576
594
577
594
578
594
579
594
580
594
581
594
582
594
583
594
584
594
585
594
586
594
587
594
588
594
589
594
590
594
591
594
592
594
593
594
542
543
594
594
543
594
544
594
545
594
546
594
547
594
548
594
549
549
543
594
550
594
551
594
552
552
544
594
553
594
554
594
555
594
556
594
557
594
558
594
559
594
560
594
561
594
562
594
563
594
564
594
565
594
566
594
567
594
568
594
569
594
570
594
571
594
572
594
573
594
574
594
575
594
576
594
577
594
578
594
579
594
580
594
581
594
582
594
583
594
584
594
585
594
586
594
587
594
588
594
589
594
590
594
591
594
592
594
593
594
545
543
544
544
543
543
543
544
544
546
594
594
546
546
546
594
547
547
547
594
548
594
549
549
548
594
550
594
551
551
549
594
552
594
553
553
550
594
554
554
551
594
555
594
556
556
552
594
557
557
553
594
558
594
559
559
554
594
560
560
555
594
561
561
556
594
562
594
563
563
557
594
564
564
558
594
565
594
566
594
567
594
568
594
569
594
570
594
571
594
572
594
573
573
559
594
574
594
575
575
560
594
576
594
577
577
561
594
578
594
579
594
580
580
562
594
581
594
582
582
563
594
583
583
564
594
584
594
585
594
586
594
587
587
565
594
588
594
589
594
590
594
591
594
592
594
593
593
566
594
567
546
566
566
546
566
547
547
546
566
548
548
547
566
549
549
548
566
550
550
549
566
551
551
550
566
552
552
551
566
553
553
552
566
554
554
553
566
555
555
554
566
556
556
555
566
557
557
556
566
558
558
557
566
559
566
560
560
558
566
561
561
559
566
562
562
560
566
563
563
561
566
564
564
562
566
565
566
563
546
562
562
546
562
547
547
546
562
548
548
547
562
549
562
550
550
548
562
551
562
552
562
553
553
549
562
554
554
550
562
555
562
556
562
557
557
551
562
558
562
559
562
560
562
561
562
552
546
551
551
546
551
547
551
548
551
549
551
550
551
546
547
551
551
547
547
547
551
548
548
548
551
549
549
549
551
550
550
550
551
551
547
550
550
547
547
547
550
548
548
548
550
549
549
549
550
550
547
549
549
547
549
548
548
547
549
548
553
562
562
553
562
554
562
555
555
553
562
556
562
557
562
558
558
554
562
559
562
560
560
555
562
561
562
556
553
555
555
553
553
553
555
554
555
554
557
562
562
557
562
558
562
559
559
557
562
560
562
561
561
558
562
559
557
558
558
557
558
557
560
562
562
560
562
561
562
560
561
562
562
561
561
561
562
562
564
566
566
564
564
564
566
565
566
565
568
594
594
568
594
569
594
570
594
571
594
572
594
573
594
574
594
575
594
576
594
577
577
568
594
578
594
579
594
580
594
581
594
582
594
583
583
569
594
584
594
585
594
586
594
587
594
588
588
570
594
589
594
590
594
591
594
592
594
593
594
571
568
570
570
568
570
569
570
568
569
570
570
569
570
569
572
594
594
572
594
573
573
572
594
574
594
575
594
576
576
573
594
577
594
578
594
579
594
580
594
581
594
582
582
574
594
583
583
575
594
584
594
585
585
576
594
586
586
577
594
587
594
588
588
578
594
589
589
579
594
590
590
580
594
591
594
592
594
593
594
581
572
580
580
572
580
573
573
572
580
574
574
573
580
575
580
576
576
574
580
577
577
575
580
578
578
576
580
579
579
577
580
578
572
577
577
572
572
572
577
573
573
573
577
574
574
574
577
575
575
575
577
576
576
576
577
577
572
576
576
572
576
573
576
574
576
575
576
572
573
576
576
573
573
573
576
574
574
574
576
575
575
575
576
576
573
575
575
573
573
573
575
574
574
574
575
575
573
574
574
573
573
573
574
574
579
580
580
579
580
579
582
594
594
582
582
582
594
583
594
584
584
583
594
585
594
586
594
587
594
588
588
584
594
589
589
585
594
590
590
586
594
591
591
587
594
592
592
588
594
593
593
589
594
590
582
589
589
582
589
583
583
582
589
584
589
585
589
586
589
587
589
588
589
583
584
589
589
584
584
584
589
585
585
585
589
586
586
586
589
587
589
588
588
587
589
588
584
587
587
584
587
585
585
584
587
586
586
585
587
586
584
585
585
584
584
584
585
585
591
594
594
591
591
591
594
592
592
592
594
593
593
593
594
594
591
593
593
591
593
592
592
591
593
592
596
610
610
596
610
597
610
598
610
599
610
600
610
601
610
602
602
596
610
603
610
604
610
605
605
597
610
606
610
607
610
608
610
609
609
598
610
599
596
598
598
596
598
597
598
596
597
598
598
597
597
597
598
598
600
610
610
600
610
601
610
602
610
603
603
600
610
604
604
601
610
605
605
602
610
606
610
607
610
608
610
609
609
603
610
604
600
603
603
600
600
600
603
601
601
601
603
602
602
602
603
603
600
602
602
600
600
600
602
601
601
601
602
602
600
601
601
600
600
600
601
601
605
610
610
605
605
605
610
606
610
607
607
606
610
608
610
609
610
607
605
606
606
605
605
605
606
606
608
610
610
608
610
609
610
608
609
610
610
609
609
609
610
610
612
617
617
612
612
612
617
613
613
613
617
614
614
614
617
615
615
615
617
616
616
616
617
617
612
616
616
612
616
613
616
614
614
612
616
615
615
613
616
614
612
613
613
612
612
612
613
613
615
616
616
615
615
615
616
616
619
657
657
619
619
619
657
620
620
620
657
621
621
621
657
622
622
622
657
623
623
623
657
624
657
625
657
626
657
627
627
624
657
628
628
625
657
629
629
626
657
630
630
627
657
631
631
628
657
632
632
629
657
633
633
630
657
634
634
631
657
635
635
632
657
636
636
633
657
637
637
634
657
638
638
635
657
639
639
636
657
640
640
637
657
641
657
642
642
638
657
643
643
639
657
644
644
640
657
645
645
641
657
646
646
642
657
647
657
648
648
643
657
649
649
644
657
650
650
645
657
651
657
652
652
646
657
653
653
647
657
654
654
648
657
655
655
649
657
656
656
650
657
651
619
650
650
619
619
619
650
620
620
620
650
621
650
622
650
623
650
624
650
625
650
626
626
621
650
627
627
622
650
628
628
623
650
629
629
624
650
630
630
625
650
631
631
626
650
632
632
627
650
633
633
628
650
634
634
629
650
635
635
630
650
636
636
631
650
637
650
638
650
639
650
640
650
641
641
632
650
642
650
643
643
633
650
644
644
634
650
645
645
635
650
646
650
647
647
636
650
648
650
649
649
637
650
638
619
637
637
619
619
619
637
620
637
621
621
620
637
622
622
621
637
623
623
622
637
624
624
623
637
625
625
624
637
626
626
625
637
627
627
626
637
628
628
627
637
629
629
628
637
630
637
631
631
629
637
632
632
630
637
633
633
631
637
634
637
635
637
636
636
632
637
633
619
632
632
619
632
620
632
621
632
622
632
623
632
624
624
619
632
625
632
626
632
627
632
628
632
629
632
630
632
631
632
620
621
632
632
621
632
622
632
623
632
624
632
625
625
621
632
626
632
627
632
628
632
629
629
622
632
630
632
631
632
623
621
622
622
621
621
621
622
622
624
632
632
624
624
624
632
625
632
626
626
625
632
627
632
628
628
626
632
629
629
627
632
630
630
628
632
631
632
629
624
628
628
624
624
624
628
625
625
625
628
626
626
626
628
627
627
627
628
628
624
627
627
624
624
624
627
625
625
625
627
626
626
626
627
627
624
626
626
624
626
625
626
624
625
626
626
625
625
625
626
626
630
632
632
630
632
631
632
630
631
632
632
631
632
631
634
637
637
634
637
635
635
634
637
636
636
635
637
636
634
635
635
634
635
634
639
650
650
639
650
640
650
641
650
642
650
643
650
644
650
645
650
646
650
647
650
648
650
649
650
639
640
650
650
640
640
640
650
641
641
641
650
642
642
642
650
643
643
643
650
644
644
644
650
645
645
645
650
646
650
647
647
646
650
648
648
647
650
649
650
648
640
647
647
640
640
640
647
641
641
641
647
642
642
642
647
643
643
643
647
644
644
644
647
645
645
645
647
646
646
646
647
647
640
646
646
640
640
640
646
641
646
642
646
643
643
641
646
644
644
642
646
645
646
643
640
642
642
640
640
640
642
641
641
641
642
642
640
641
641
640
640
640
641
641
644
646
646
644
644
644
646
645
646
645
649
650
650
649
649
649
650
650
652
657
657
652
652
652
657
653
657
654
654
653
657
655
655
654
657
656
656
655
657
656
652
655
655
652
652
652
655
653
653
653
655
654
654
654
655
655
652
654
654
652
654
653
654
652
653
654
654
653
654
653
659
662
662
659
659
659
662
660
660
660
662
661
661
661
662
662
659
661
661
659
659
659
661
660
661
660
664
1023
1023
664
1023
665
665
664
1023
666
1023
667
1023
668
668
665
1023
669
669
666
1023
670
1023
671
1023
672
1023
673
1023
674
1023
675
1023
676
1023
677
1023
678
678
667
1023
679
679
668
1023
680
1023
681
681
669
1023
682
1023
683
683
670
1023
684
1023
685
685
671
1023
686
1023
687
687
672
1023
688
1023
689
1023
690
690
673
1023
691
691
674
1023
692
1023
693
1023
694
1023
695
695
675
1023
696
1023
697
1023
698
698
676
1023
699
1023
700
1023
701
701
677
1023
702
702
678
1023
703
1023
704
1023
705
1023
706
1023
707
1023
708
1023
709
1023
710
1023
711
1023
712
712
679
1023
713
1023
714
1023
715
1023
716
716
680
1023
717
1023
718
1023
719
1023
720
1023
721
1023
722
722
681
1023
723
1023
724
1023
725
1023
726
1023
727
727
682
1023
728
1023
729
729
683
1023
730
730
684
1023
731
731
685
1023
732
1023
733
733
686
1023
734
734
687
1023
735
1023
736
1023
737
737
688
1023
738
1023
739
1023
740
1023
741
1023
742
1023
743
1023
744
1023
745
1023
746
1023
747
747
689
1023
748
748
690
1023
749
1023
750
1023
751
1023
752
1023
753
1023
754
754
691
1023
755
1023
756
756
692
1023
757
757
693
1023
758
1023
759
1023
760
1023
761
761
694
1023
762
1023
763
763
695
1023
764
764
696
1023
765
1023
766
1023
767
1023
768
1023
769
769
697
1023
770
1023
771
1023
772
772
698
1023
773
1023
774
774
699
1023
775
1023
776
776
700
1023
777
1023
778
778
701
1023
779
779
702
1023
780
780
703
1023
781
1023
782
782
704
1023
783
1023
784
1023
785
1023
786
786
705
1023
787
1023
788
1023
789
1023
790
1023
791
1023
792
792
706
1023
793
793
707
1023
794
794
708
1023
795
1023
796
1023
797
797
709
1023
798
1023
799
1023
800
800
710
1023
801
801
711
1023
802
802
712
1023
803
803
713
1023
804
1023
805
805
714
1023
806
806
715
1023
807
1023
808
1023
809
809
716
1023
810
1023
811
811
717
1023
812
1023
813
813
718
1023
814
1023
815
1023
816
816
719
1023
817
1023
818
1023
819
819
720
1023
820
1023
821
1023
822
1023
823
1023
824
1023
825
825
721
1023
826
826
722
1023
827
1023
828
1023
829
1023
830
830
723
1023
831
1023
832
1023
833
833
724
1023
834
834
725
1023
835
1023
836
1023
837
837
726
1023
838
1023
839
1023
840
1023
841
841
727
1023
842
1023
843
1023
844
1023
845
1023
846
1023
847
847
728
1023
848
1023
849
1023
850
1023
851
1023
852
1023
853
853
729
1023
854
854
730
1023
855
855
731
1023
856
1023
857
857
732
1023
858
1023
859
1023
860
860
733
1023
861
1023
862
1023
863
1023
864
1023
865
1023
866
1023
867
867
734
1023
868
1023
869
1023
870
1023
871
871
735
1023
872
1023
873
1023
874
1023
875
875
736
1023
876
1023
877
877
737
1023
878
1023
879
1023
880
1023
881
881
738
1023
882
1023
883
883
739
1023
884
884
740
1023
885
1023
886
1023
887
1023
888
1023
889
1023
890
1023
891
1023
892
892
741
1023
893
1023
894
1023
895
1023
896
1023
897
1023
898
898
742
1023
899
1023
900
900
743
1023
901
1023
902
1023
903
1023
904
1023
905
905
744
1023
906
1023
907
907
745
1023
908
908
746
1023
909
909
747
1023
910
910
748
1023
911
1023
912
1023
913
913
749
1023
914
1023
915
915
750
1023
916
1023
917
1023
918
1023
919
1023
920
1023
921
1023
922
1023
923
923
751
1023
924
1023
925
1023
926
1023
927
1023
928
1023
929
1023
930
1023
931
1023
932
1023
933
933
752
1023
934
934
753
1023
935
1023
936
1023
937
1023
938
1023
939
1023
940
1023
941
941
754
1023
942
942
755
1023
943
1023
944
944
756
1023
945
945
757
1023
946
1023
947
1023
948
1023
949
949
758
1023
950
950
759
1023
951
951
760
1023
952
1023
953
953
761
1023
954
954
762
1023
955
955
763
1023
956
1023
957
957
764
1023
958
1023
959
959
765
1023
960
960
766
1023
961
1023
962
1023
963
963
767
1023
964
1023
965
965
768
1023
966
1023
967
1023
968
1023
969
969
769
1023
970
1023
971
1023
972
1023
973
973
770
1023
974
1023
975
975
771
1023
976
1023
977
977
772
1023
978
1023
979
1023
980
1023
981
981
773
1023
982
982
774
1023
983
983
775
1023
984
1023
985
985
776
1023
986
1023
987
1023
988
988
777
1023
989
1023
990
1023
991
991
778
1023
992
992
779
1023
993
993
780
1023
994
994
781
1023
995
1023
996
996
782
1023
997
997
783
1023
998
1023
999
1023
1000
1000
784
1023
1001
1023
1002
1023
1003
1023
1004
1023
1005
1005
785
1023
1006
1006
786
1023
1007
1023
1008
1023
1009
1023
1010
1023
1011
1011
787
1023
1012
1012
788
1023
1013
1013
789
1023
1014
1023
1015
1015
790
1023
1016
1023
1017
1023
1018
1023
1019
1019
791
1023
1020
1023
1021
1023
1022
1023
792
664
791
791
664
791
665
791
666
791
667
791
668
791
669
791
670
791
671
791
672
791
673
791
674
791
675
791
676
791
677
791
678
791
679
791
680
791
681
791
682
791
683
791
684
791
685
791
686
791
687
791
688
791
689
791
690
791
691
791
692
791
693
791
694
791
695
791
696
791
697
791
698
791
699
791
700
791
701
791
702
791
703
791
704
791
705
791
706
791
707
791
708
791
709
791
710
791
711
791
712
791
713
791
714
791
715
791
716
791
717
791
718
791
719
791
720
791
721
791
722
791
723
791
724
791
725
791
726
791
727
791
728
791
729
791
730
791
731
791
732
791
733
791
734
791
735
791
736
791
737
791
738
791
739
791
740
791
741
791
742
791
743
791
744
791
745
791
746
791
747
791
748
791
749
791
750
791
751
791
752
791
753
791
754
791
755
791
756
791
757
791
758
791
759
791
760
791
761
791
762
791
763
791
764
791
765
791
766
791
767
791
768
791
769
791
770
791
771
791
772
791
773
791
774
791
775
791
776
791
777
791
778
791
779
791
780
791
781
791
782
791
783
791
784
791
785
791
786
791
787
791
788
791
789
791
790
791
664
665
791
791
665
791
666
791
667
791
668
791
669
791
670
791
671
791
672
791
673
791
674
791
675
791
676
791
677
677
665
791
678
791
679
791
680
680
666
791
681
791
682
682
667
791
683
791
684
791
685
791
686
791
687
687
668
791
688
791
689
791
690
791
691
791
692
692
669
791
693
791
694
791
695
791
696
791
697
791
698
791
699
791
700
791
701
791
702
702
670
791
703
791
704
791
705
791
706
791
707
791
708
791
709
791
710
791
711
791
712
791
713
713
671
791
714
791
715
791
716
791
717
791
718
791
719
791
720
791
721
791
722
791
723
791
724
724
672
791
725
791
726
791
727
791
728
791
729
791
730
791
731
731
673
791
732
791
733
791
734
791
735
791
736
791
737
791
738
791
739
791
740
791
741
791
742
791
743
791
744
791
745
791
746
791
747
791
748
791
749
791
750
791
751
791
752
791
753
791
754
791
755
791
756
791
757
791
758
791
759
791
760
791
761
791
762
791
763
791
764
791
765
791
766
791
767
791
768
768
674
791
769
791
770
791
771
791
772
772
675
791
773
791
774
791
775
791
776
791
777
777
676
791
778
791
779
791
780
780
677
791
781
791
782
791
783
783
678
791
784
791
785
791
786
791
787
791
788
791
789
791
790
791
679
665
678
678
665
678
666
678
667
678
668
678
669
678
670
678
671
678
672
678
673
678
674
678
675
678
676
678
677
678
665
666
678
678
666
678
667
667
666
678
668
668
667
678
669
669
668
678
670
678
671
671
669
678
672
678
673
678
674
674
670
678
675
678
676
678
677
677
671
678
672
666
671
671
666
671
667
671
668
671
669
671
670
671
666
667
671
671
667
671
668
671
669
669
667
671
670
671
668
669
671
671
669
669
669
671
670
671
670
673
678
678
673
678
674
678
675
678
676
678
677
677
673
678
674
675
678
678
675
675
675
678
676
676
676
678
677
678
677
675
676
676
675
675
675
676
676
680
791
791
680
680
680
791
681
681
681
791
682
682
682
791
683
683
683
791
684
684
684
791
685
685
685
791
686
791
687
687
686
791
688
688
687
791
689
689
688
791
690
791
691
691
689
791
692
692
690
791
693
693
691
791
694
694
692
791
695
695
693
791
696
696
694
791
697
697
695
791
698
791
699
699
696
791
700
700
697
791
701
701
698
791
702
702
699
791
703
703
700
791
704
704
701
791
705
705
702
791
706
791
707
707
703
791
708
708
704
791
709
709
705
791
710
710
706
791
711
711
707
791
712
712
708
791
713
713
709
791
714
714
710
791
715
715
711
791
716
716
712
791
717
717
713
791
718
718
714
791
719
719
715
791
720
720
716
791
721
721
717
791
722
722
718
791
723
791
724
724
719
791
725
725
720
791
726
726
721
791
727
791
728
728
722
791
729
729
723
791
730
730
724
791
731
731
725
791
732
732
726
791
733
733
727
791
734
734
728
791
735
735
729
791
736
736
730
791
737
737
731
791
738
791
739
739
732
791
740
740
733
791
741
741
734
791
742
742
735
791
743
743
736
791
744
744
737
791
745
745
738
791
746
746
739
791
747
747
740
791
748
748
741
791
749
749
742
791
750
750
743
791
751
751
744
791
752
752
745
791
753
753
746
791
754
754
747
791
755
791
756
756
748
791
757
791
758
758
749
791
759
759
750
791
760
760
751
791
761
761
752
791
762
791
763
763
753
791
764
791
765
791
766
766
754
791
767
767
755
791
768
768
756
791
769
791
770
791
771
771
757
791
772
772
758
791
773
773
759
791
774
791
775
775
760
791
776
776
761
791
777
777
762
791
778
778
763
791
779
779
764
791
780
780
765
791
781
781
766
791
782
782
767
791
783
783
768
791
784
784
769
791
785
791
786
786
770
791
787
787
771
791
788
788
772
791
789
789
773
791
790
790
774
791
775
680
774
774
680
774
681
774
682
774
683
774
684
684
680
774
685
685
681
774
686
774
687
774
688
774
689
689
682
774
690
774
691
774
692
692
683
774
693
693
684
774
694
774
695
774
696
774
697
697
685
774
698
774
699
774
700
774
701
701
686
774
702
702
687
774
703
774
704
774
705
705
688
774
706
774
707
774
708
774
709
774
710
710
689
774
711
711
690
774
712
712
691
774
713
713
692
774
714
714
693
774
715
715
694
774
716
774
717
717
695
774
718
774
719
774
720
720
696
774
721
721
697
774
722
774
723
723
698
774
724
724
699
774
725
725
700
774
726
774
727
727
701
774
728
774
729
774
730
774
731
731
702
774
732
774
733
774
734
734
703
774
735
774
736
774
737
774
738
774
739
774
740
774
741
741
704
774
742
774
743
774
744
774
745
745
705
774
746
774
747
747
706
774
748
774
749
774
750
774
751
751
707
774
752
752
708
774
753
753
709
774
754
754
710
774
755
774
756
774
757
774
758
774
759
774
760
760
711
774
761
761
712
774
762
774
763
774
764
774
765
774
766
774
767
767
713
774
768
774
769
774
770
774
771
771
714
774
772
774
773
774
715
680
714
714
680
714
681
714
682
714
683
714
684
714
685
714
686
686
680
714
687
714
688
688
681
714
689
714
690
714
691
714
692
714
693
714
694
714
695
695
682
714
696
714
697
714
698
714
699
699
683
714
700
714
701
714
702
714
703
714
704
704
684
714
705
714
706
714
707
707
685
714
708
714
709
709
686
714
710
714
711
714
712
714
713
714
687
680
686
686
680
680
680
686
681
686
682
682
681
686
683
686
684
686
685
686
682
680
681
681
680
681
680
683
686
686
683
686
684
686
685
686
683
684
686
686
684
684
684
686
685
686
685
688
714
714
688
688
688
714
689
714
690
714
691
714
692
692
689
714
693
693
690
714
694
714
695
695
691
714
696
714
697
697
692
714
698
714
699
714
700
714
701
714
702
702
693
714
703
714
704
714
705
714
706
714
707
714
708
708
694
714
709
714
710
714
711
714
712
712
695
714
713
713
696
714
697
688
696
696
688
688
688
696
689
689
689
696
690
696
691
691
690
696
692
696
693
696
694
694
691
696
695
696
692
688
691
691
688
691
689
689
688
691
690
691
689
690
691
691
690
691
690
693
696
696
693
696
694
696
695
696
693
694
696
696
694
696
695
695
694
696
695
698
714
714
698
698
698
714
699
699
699
714
700
700
700
714
701
701
701
714
702
702
702
714
703
703
703
714
704
704
704
714
705
705
705
714
706
706
706
714
707
707
707
714
708
708
708
714
709
714
710
710
709
714
711
711
710
714
712
712
711
714
713
713
712
714
713
698
712
712
698
698
698
712
699
699
699
712
700
700
700
712
701
701
701
712
702
702
702
712
703
712
704
712
705
705
703
712
706
712
707
712
708
708
704
712
709
709
705
712
710
712
711
711
706
712
707
698
706
706
698
698
698
706
699
706
700
706
701
701
699
706
702
706
703
703
700
706
704
706
705
706
701
698
700
700
698
698
698
700
699
699
699
700
700
698
699
699
698
699
698
702
706
706
702
706
703
706
704
704
702
706
705
705
703
706
704
702
703
703
702
702
702
703
703
705
706
706
705
705
705
706
706
708
712
712
708
708
708
712
709
712
710
712
711
711
709
712
710
708
709
709
708
709
708
711
712
712
711
711
711
712
712
716
774
774
716
774
717
774
718
774
719
774
720
774
721
774
722
774
723
774
724
774
725
774
726
774
727
774
728
774
729
774
730
730
716
774
731
774
732
774
733
774
734
734
717
774
735
774
736
774
737
774
738
774
739
774
740
774
741
774
742
774
743
774
744
774
745
774
746
774
747
774
748
774
749
749
718
774
750
774
751
774
752
774
753
774
754
774
755
774
756
774
757
757
719
774
758
758
720
774
759
774
760
774
761
761
721
774
762
774
763
763
722
774
764
774
765
774
766
774
767
774
768
768
723
774
769
774
770
770
724
774
771
774
772
772
725
774
773
774
726
716
725
725
716
716
716
725
717
717
717
725
718
718
718
725
719
719
719
725
720
720
720
725
721
721
721
725
722
722
722
725
723
723
723
725
724
724
724
725
725
716
724
724
716
716
716
724
717
717
717
724
718
718
718
724
719
719
719
724
720
720
720
724
721
724
722
722
721
724
723
724
722
716
721
721
716
721
717
721
718
721
719
721
720
721
716
717
721
721
717
717
717
721
718
718
718
721
719
719
719
721
720
720
720
721
721
717
720
720
717
717
717
720
718
718
718
720
719
719
719
720
720
717
719
719
717
717
717
719
718
718
718
719
719
717
718
718
717
717
717
718
718
723
724
724
723
723
723
724
724
727
774
774
727
774
728
774
729
729
727
774
730
730
728
774
731
731
729
774
732
774
733
733
730
774
734
734
731
774
735
735
732
774
736
774
737
737
733
774
738
774
739
739
734
774
740
740
735
774
741
774
742
774
743
774
744
774
745
774
746
774
747
774
748
774
749
749
736
774
750
750
737
774
751
774
752
752
738
774
753
753
739
774
754
774
755
755
740
774
756
756
741
774
757
774
758
758
742
774
759
759
743
774
760
774
761
774
762
762
744
774
763
763
745
774
764
764
746
774
765
765
747
774
766
774
767
767
748
774
768
774
769
774
770
770
749
774
771
771
750
774
772
774
773
774
751
727
750
750
727
750
728
750
729
750
730
750
731
731
727
750
732
750
733
733
728
750
734
750
735
750
736
750
737
737
729
750
738
738
730
750
739
750
740
740
731
750
741
750
742
750
743
750
744
744
732
750
745
745
733
750
746
746
734
750
747
750
748
750
749
749
735
750
736
727
735
735
727
735
728
735
729
729
727
735
730
730
728
735
731
731
729
735
732
735
733
733
730
735
734
735
731
727
730
730
727
727
727
730
728
730
729
729
728
730
729
727
728
728
727
727
727
728
728
732
735
735
732
735
733
735
734
735
732
733
735
735
733
735
734
734
733
735
734
737
750
750
737
750
738
750
739
750
740
750
741
750
742
750
743
750
744
750
745
750
746
750
747
750
748
750
749
750
737
738
750
750
738
750
739
750
740
740
738
750
741
741
739
750
742
750
743
743
740
750
744
744
741
750
745
750
746
750
747
747
742
750
748
748
743
750
749
750
744
738
743
743
738
743
739
743
740
743
741
741
738
743
742
743
739
740
743
743
740
740
740
743
741
741
741
743
742
742
742
743
743
740
742
742
740
740
740
742
741
741
741
742
742
740
741
741
740
741
740
745
750
750
745
745
745
750
746
746
746
750
747
747
747
750
748
748
748
750
749
749
749
750
750
745
749
749
745
749
746
746
745
749
747
749
748
749
746
747
749
749
747
747
747
749
748
749
748
752
774
774
752
774
753
774
754
754
752
774
755
755
753
774
756
774
757
774
758
758
754
774
759
774
760
760
755
774
761
761
756
774
762
762
757
774
763
774
764
774
765
774
766
774
767
774
768
774
769
774
770
774
771
774
772
772
758
774
773
774
759
752
758
758
752
752
752
758
753
753
753
758
754
754
754
758
755
755
755
758
756
756
756
758
757
757
757
758
758
752
757
757
752
757
753
757
754
757
755
757
756
757
752
753
757
757
753
753
753
757
754
754
754
757
755
757
756
756
755
757
756
753
755
755
753
755
754
755
753
754
755
755
754
755
754
760
774
774
760
774
761
774
762
762
760
774
763
774
764
764
761
774
765
765
762
774
766
774
767
767
763
774
768
768
764
774
769
774
770
774
771
774
772
774
773
773
765
774
766
760
765
765
760
765
761
761
760
765
762
765
763
765
764
764
761
765
762
760
761
761
760
761
760
763
765
765
763
763
763
765
764
765
764
767
774
774
767
774
768
768
767
774
769
774
770
774
771
771
768
774
772
772
769
774
773
773
770
774
771
767
770
770
767
770
768
770
769
770
767
768
770
770
768
768
768
770
769
769
769
770
770
768
769
769
768
769
768
772
774
774
772
772
772
774
773
773
773
774
774
772
773
773
772
773
772
776
791
791
776
791
777
791
778
791
779
791
780
791
781
791
782
791
783
783
776
791
784
791
785
791
786
791
787
791
788
791
789
791
790
791
777
778
791
791
778
778
778
791
779
779
779
791
780
780
780
791
781
791
782
782
781
791
783
783
782
791
784
784
783
791
785
791
786
791
787
787
784
791
788
788
785
791
789
789
786
791
790
790
787
791
788
778
787
787
778
787
779
787
780
787
781
787
782
787
783
787
784
784
778
787
785
787
786
787
779
780
787
787
780
780
780
787
781
781
781
787
782
782
782
787
783
783
783
787
784
784
784
787
785
785
785
787
786
786
786
787
787
780
786
786
780
780
780
786
781
786
782
782
781
786
783
783
782
786
784
784
783
786
785
785
784
786
785
780
784
784
780
780
780
784
781
781
781
784
782
784
783
783
782
784
783
780
782
782
780
780
780
782
781
781
781
782
782
780
781
781
780
781
780
789
791
791
789
789
789
791
790
790
790
791
791
789
790
790
789
790
789
793
1023
1023
793
793
793
1023
794
794
794
1023
795
795
795
1023
796
796
796
1023
797
797
797
1023
798
798
798
1023
799
799
799
1023
800
800
800
1023
801
1023
802
1023
803
1023
804
804
801
1023
805
1023
806
1023
807
1023
808
808
802
1023
809
809
803
1023
810
1023
811
811
804
1023
812
1023
813
1023
814
814
805
1023
815
815
806
1023
816
1023
817
817
807
1023
818
818
808
1023
819
1023
820
1023
821
1023
822
822
809
1023
823
823
810
1023
824
824
811
1023
825
825
812
1023
826
826
813
1023
827
827
814
1023
828
828
815
1023
829
829
816
1023
830
1023
831
831
817
1023
832
832
818
1023
833
833
819
1023
834
834
820
1023
835
1023
836
1023
837
837
821
1023
838
838
822
1023
839
839
823
1023
840
840
824
1023
841
1023
842
842
825
1023
843
843
826
1023
844
1023
845
845
827
1023
846
846
828
1023
847
1023
848
848
829
1023
849
1023
850
850
830
1023
851
1023
852
852
831
1023
853
1023
854
854
832
1023
855
855
833
1023
856
1023
857
857
834
1023
858
858
835
1023
859
859
836
1023
860
1023
861
1023
862
862
837
1023
863
863
838
1023
864
1023
865
865
839
1023
866
1023
867
867
840
1023
868
1023
869
1023
870
870
841
1023
871
1023
872
872
842
1023
873
1023
874
1023
875
875
843
1023
876
1023
877
1023
878
1023
879
879
844
1023
880
1023
881
881
845
1023
882
1023
883
883
846
1023
884
1023
885
1023
886
1023
887
887
847
1023
888
888
848
1023
889
1023
890
890
849
1023
891
891
850
1023
892
1023
893
1023
894
894
851
1023
895
895
852
1023
896
1023
897
1023
898
1023
899
1023
900
1023
901
901
853
1023
902
1023
903
903
854
1023
904
1023
905
1023
906
1023
907
1023
908
908
855
1023
909
1023
910
910
856
1023
911
911
857
1023
912
912
858
1023
913
1023
914
914
859
1023
915
915
860
1023
916
916
861
1023
917
917
862
1023
918
1023
919
919
863
1023
920
920
864
1023
921
921
865
1023
922
1023
923
1023
924
924
866
1023
925
1023
926
926
867
1023
927
927
868
1023
928
928
869
1023
929
1023
930
930
870
1023
931
1023
932
932
871
1023
933
1023
934
934
872
1023
935
1023
936
936
873
1023
937
937
874
1023
938
938
875
1023
939
1023
940
1023
941
1023
942
942
876
1023
943
1023
944
944
877
1023
945
945
878
1023
946
1023
947
947
879
1023
948
948
880
1023
949
949
881
1023
950
950
882
1023
951
951
883
1023
952
952
884
1023
953
953
885
1023
954
1023
955
1023
956
956
886
1023
957
1023
958
1023
959
1023
960
1023
961
961
887
1023
962
962
888
1023
963
963
889
1023
964
1023
965
1023
966
1023
967
1023
968
968
890
1023
969
969
891
1023
970
1023
971
1023
972
972
892
1023
973
1023
974
974
893
1023
975
1023
976
976
894
1023
977
977
895
1023
978
1023
979
1023
980
980
896
1023
981
1023
982
1023
983
983
897
1023
984
1023
985
985
898
1023
986
986
899
1023
987
1023
988
988
900
1023
989
989
901
1023
990
990
902
1023
991
991
903
1023
992
1023
993
1023
994
1023
995
995
904
1023
996
996
905
1023
997
997
906
1023
998
998
907
1023
999
999
908
1023
1000
1023
1001
1001
909
1023
1002
1023
1003
1023
1004
1004
910
1023
1005
1005
911
1023
1006
1023
1007
1007
912
1023
1008
1023
1009
1023
1010
1010
913
1023
1011
1011
914
1023
1012
1023
1013
1013
915
1023
1014
1014
916
1023
1015
1015
917
1023
1016
1016
918
1023
1017
1017
919
1023
1018
1018
920
1023
1019
1019
921
1023
1020
1020
922
1023
1021
1021
923
1023
1022
1022
924
1023
925
793
924
924
793
793
793
924
794
924
795
795
794
924
796
796
795
924
797
797
796
924
798
798
797
924
799
799
798
924
800
800
799
924
801
801
800
924
802
802
801
924
803
803
802
924
804
804
803
924
805
805
804
924
806
806
805
924
807
807
806
924
808
924
809
809
807
924
810
810
808
924
811
811
809
924
812
812
810
924
813
924
814
814
811
924
815
815
812
924
816
816
813
924
817
924
818
818
814
924
819
924
820
820
815
924
821
924
822
822
816
924
823
823
817
924
824
824
818
924
825
924
826
826
819
924
827
924
828
924
829
924
830
830
820
924
831
831
821
924
832
832
822
924
833
833
823
924
834
834
824
924
835
835
825
924
836
836
826
924
837
837
827
924
838
838
828
924
839
839
829
924
840
840
830
924
841
924
842
842
831
924
843
843
832
924
844
924
845
845
833
924
846
846
834
924
847
847
835
924
848
848
836
924
849
849
837
924
850
850
838
924
851
851
839
924
852
852
840
924
853
853
841
924
854
854
842
924
855
855
843
924
856
924
857
857
844
924
858
858
845
924
859
924
860
860
846
924
861
861
847
924
862
862
848
924
863
863
849
924
864
924
865
865
850
924
866
866
851
924
867
924
868
868
852
924
869
869
853
924
870
870
854
924
871
924
872
924
873
873
855
924
874
874
856
924
875
875
857
924
876
876
858
924
877
924
878
924
879
879
859
924
880
880
860
924
881
881
861
924
882
882
862
924
883
924
884
884
863
924
885
924
886
924
887
924
888
924
889
889
864
924
890
890
865
924
891
891
866
924
892
892
867
924
893
893
868
924
894
894
869
924
895
895
870
924
896
896
871
924
897
924
898
898
872
924
899
924
900
900
873
924
901
924
902
902
874
924
903
903
875
924
904
924
905
905
876
924
906
906
877
924
907
907
878
924
908
924
909
909
879
924
910
910
880
924
911
911
881
924
912
924
913
913
882
924
914
924
915
915
883
924
916
924
917
917
884
924
918
918
885
924
919
924
920
920
886
924
921
924
922
922
887
924
923
923
888
924
889
793
888
888
793
793
793
888
794
888
795
888
796
888
797
797
794
888
798
798
795
888
799
799
796
888
800
800
797
888
801
888
802
888
803
803
798
888
804
804
799
888
805
805
800
888
806
806
801
888
807
807
802
888
808
888
809
888
810
888
811
811
803
888
812
812
804
888
813
813
805
888
814
888
815
815
806
888
816
816
807
888
817
888
818
818
808
888
819
819
809
888
820
820
810
888
821
821
811
888
822
822
812
888
823
823
813
888
824
824
814
888
825
825
815
888
826
888
827
827
816
888
828
888
829
829
817
888
830
830
818
888
831
831
819
888
832
832
820
888
833
888
834
834
821
888
835
835
822
888
836
888
837
837
823
888
838
838
824
888
839
839
825
888
840
840
826
888
841
888
842
888
843
843
827
888
844
844
828
888
845
845
829
888
846
846
830
888
847
847
831
888
848
848
832
888
849
849
833
888
850
888
851
851
834
888
852
852
835
888
853
888
854
854
836
888
855
888
856
856
837
888
857
857
838
888
858
858
839
888
859
859
840
888
860
860
841
888
861
888
862
862
842
888
863
863
843
888
864
864
844
888
865
865
845
888
866
866
846
888
867
867
847
888
868
868
848
888
869
888
870
888
871
888
872
872
849
888
873
888
874
874
850
888
875
875
851
888
876
888
877
877
852
888
878
878
853
888
879
879
854
888
880
880
855
888
881
888
882
882
856
888
883
883
857
888
884
884
858
888
885
885
859
888
886
888
887
887
860
888
861
793
860
860
793
860
794
794
793
860
795
795
794
860
796
860
797
797
795
860
798
860
799
860
800
800
796
860
801
860
802
802
797
860
803
803
798
860
804
860
805
860
806
806
799
860
807
860
808
860
809
860
810
810
800
860
811
811
801
860
812
812
802
860
813
813
803
860
814
814
804
860
815
860
816
860
817
817
805
860
818
818
806
860
819
819
807
860
820
820
808
860
821
860
822
860
823
860
824
860
825
860
826
826
809
860
827
827
810
860
828
828
811
860
829
829
812
860
830
860
831
831
813
860
832
832
814
860
833
860
834
834
815
860
835
835
816
860
836
836
817
860
837
837
818
860
838
838
819
860
839
839
820
860
840
840
821
860
841
860
842
842
822
860
843
860
844
844
823
860
845
845
824
860
846
846
825
860
847
860
848
848
826
860
849
849
827
860
850
850
828
860
851
860
852
860
853
860
854
860
855
860
856
856
829
860
857
860
858
858
830
860
859
859
831
860
832
793
831
831
793
793
793
831
794
794
794
831
795
795
795
831
796
831
797
831
798
831
799
831
800
800
796
831
801
801
797
831
802
831
803
831
804
831
805
805
798
831
806
806
799
831
807
831
808
808
800
831
809
809
801
831
810
810
802
831
811
811
803
831
812
812
804
831
813
813
805
831
814
814
806
831
815
831
816
831
817
831
818
831
819
819
807
831
820
820
808
831
821
821
809
831
822
831
823
823
810
831
824
831
825
825
811
831
826
826
812
831
827
827
813
831
828
831
829
829
814
831
830
831
815
793
814
814
793
793
793
814
794
794
794
814
795
795
795
814
796
796
796
814
797
797
797
814
798
798
798
814
799
799
799
814
800
800
800
814
801
801
801
814
802
802
802
814
803
803
803
814
804
804
804
814
805
805
805
814
806
806
806
814
807
807
807
814
808
808
808
814
809
809
809
814
810
810
810
814
811
811
811
814
812
812
812
814
813
813
813
814
814
793
813
813
793
813
794
813
795
813
796
796
793
813
797
813
798
813
799
799
794
813
800
813
801
813
802
813
803
813
804
804
795
813
805
813
806
813
807
813
808
813
809
813
810
813
811
811
796
813
812
813
797
793
796
796
793
796
794
796
795
795
793
796
794
795
796
796
795
795
795
796
796
798
813
813
798
813
799
799
798
813
800
800
799
813
801
801
800
813
802
802
801
813
803
803
802
813
804
804
803
813
805
813
806
806
804
813
807
807
805
813
808
808
806
813
809
809
807
813
810
810
808
813
811
811
809
813
812
812
810
813
811
798
810
810
798
810
799
810
800
810
801
810
802
810
803
810
804
810
805
810
806
810
807
810
808
810
809
810
798
799
810
810
799
810
800
810
801
810
802
810
803
810
804
810
805
810
806
806
799
810
807
810
808
810
809
810
800
801
810
810
801
810
802
810
803
810
804
810
805
810
806
810
807
810
808
810
809
809
801
810
802
803
810
810
803
810
804
810
805
805
803
810
806
810
807
810
808
810
809
810
804
805
810
810
805
805
805
810
806
810
807
807
806
810
808
808
807
810
809
809
808
810
809
805
808
808
805
808
806
806
805
808
807
807
806
808
807
805
806
806
805
806
805
812
813
813
812
813
812
816
831
831
816
831
817
817
816
831
818
818
817
831
819
831
820
820
818
831
821
831
822
822
819
831
823
831
824
824
820
831
825
831
826
826
821
831
827
831
828
831
829
831
830
831
822
816
821
821
816
821
817
821
818
821
819
821
820
821
816
817
821
821
817
821
818
818
817
821
819
821
820
821
818
819
821
821
819
821
820
821
819
820
821
821
820
820
820
821
821
823
831
831
823
823
823
831
824
831
825
825
824
831
826
826
825
831
827
827
826
831
828
828
827
831
829
829
828
831
830
830
829
831
830
823
829
829
823
823
823
829
824
824
824
829
825
825
825
829
826
829
827
827
826
829
828
829
827
823
826
826
823
826
824
824
823
826
825
825
824
826
825
823
824
824
823
824
823
828
829
829
828
829
828
833
860
860
833
860
834
860
835
860
836
860
837
860
838
860
839
839
833
860
840
860
841
860
842
860
843
860
844
860
845
860
846
860
847
860
848
860
849
860
850
860
851
860
852
860
853
860
854
860
855
860
856
860
857
860
858
860
859
860
834
835
860
860
835
860
836
860
837
860
838
860
839
860
840
860
841
841
835
860
842
860
843
860
844
860
845
845
836
860
846
860
847
860
848
848
837
860
849
860
850
860
851
860
852
860
853
853
838
860
854
860
855
860
856
860
857
860
858
860
859
860
839
835
838
838
835
838
836
836
835
838
837
837
836
838
837
835
836
836
835
836
835
840
860
860
840
840
840
860
841
841
841
860
842
860
843
860
844
860
845
845
842
860
846
860
847
847
843
860
848
848
844
860
849
849
845
860
850
850
846
860
851
851
847
860
852
852
848
860
853
860
854
860
855
860
856
860
857
857
849
860
858
860
859
859
850
860
851
840
850
850
840
850
841
850
842
850
843
850
844
850
845
850
846
850
847
850
848
850
849
850
840
841
850
850
841
841
841
850
842
842
842
850
843
843
843
850
844
850
845
845
844
850
846
846
845
850
847
847
846
850
848
850
849
849
847
850
848
841
847
847
841
841
841
847
842
847
843
843
842
847
844
844
843
847
845
847
846
846
844
847
845
841
844
844
841
844
842
844
843
844
841
842
844
844
842
844
843
843
842
844
843
846
847
847
846
847
846
849
850
850
849
850
849
852
860
860
852
852
852
860
853
853
853
860
854
854
854
860
855
855
855
860
856
856
856
860
857
857
857
860
858
858
858
860
859
860
859
852
858
858
852
858
853
858
854
858
855
855
852
858
856
858
857
858
853
854
858
858
854
858
855
855
854
858
856
856
855
858
857
857
856
858
857
854
856
856
854
856
855
856
854
855
856
856
855
855
855
856
856
862
888
888
862
862
862
888
863
863
863
888
864
888
865
865
864
888
866
888
867
867
865
888
868
888
869
869
866
888
870
870
867
888
871
888
872
888
873
873
868
888
874
874
869
888
875
888
876
888
877
888
878
888
879
888
880
880
870
888
881
888
882
888
883
883
871
888
884
888
885
885
872
888
886
886
873
888
887
888
874
862
873
873
862
873
863
863
862
873
864
864
863
873
865
873
866
873
867
867
864
873
868
868
865
873
869
869
866
873
870
870
867
873
871
871
868
873
872
872
869
873
870
862
869
869
862
869
863
869
864
864
862
869
865
865
863
869
866
866
864
869
867
869
868
869
865
862
864
864
862
864
863
864
862
863
864
864
863
864
863
866
869
869
866
866
866
869
867
869
868
869
867
868
869
869
868
868
868
869
869
871
873
873
871
873
872
873
871
872
873
873
872
872
872
873
873
875
888
888
875
888
876
888
877
888
878
888
879
888
880
888
881
888
882
888
883
883
875
888
884
884
876
888
885
885
877
888
886
888
887
888
878
875
877
877
875
877
876
877
875
876
877
877
876
877
876
879
888
888
879
879
879
888
880
888
881
881
880
888
882
888
883
883
881
888
884
884
882
888
885
888
886
886
883
888
887
888
884
879
883
883
879
883
880
883
881
883
882
883
879
880
883
883
880
883
881
883
882
883
880
881
883
883
881
883
882
882
881
883
882
885
888
888
885
888
886
886
885
888
887
887
886
888
887
885
886
886
885
886
885
890
924
924
890
924
891
924
892
924
893
924
894
924
895
924
896
924
897
924
898
924
899
924
900
924
901
924
902
924
903
924
904
924
905
924
906
924
907
924
908
924
909
924
910
924
911
924
912
924
913
924
914
924
915
924
916
924
917
924
918
924
919
924
920
924
921
924
922
924
923
924
890
891
924
924
891
924
892
892
891
924
893
924
894
894
892
924
895
895
893
924
896
896
894
924
897
897
895
924
898
898
896
924
899
924
900
900
897
924
901
924
902
924
903
903
898
924
904
904
899
924
905
905
900
924
906
906
901
924
907
924
908
924
909
924
910
924
911
911
902
924
912
924
913
924
914
914
903
924
915
915
904
924
916
916
905
924
917
924
918
924
919
924
920
924
921
924
922
924
923
924
906
891
905
905
891
905
892
892
891
905
893
893
892
905
894
894
893
905
895
905
896
896
894
905
897
905
898
898
895
905
899
905
900
905
901
905
902
902
896
905
903
903
897
905
904
905
898
891
897
897
891
891
891
897
892
897
893
897
894
894
892
897
895
895
893
897
896
896
894
897
895
891
894
894
891
891
891
894
892
892
892
894
893
893
893
894
894
891
893
893
891
893
892
893
891
892
893
893
892
892
892
893
893
896
897
897
896
896
896
897
897
899
905
905
899
905
900
900
899
905
901
901
900
905
902
902
901
905
903
903
902
905
904
904
903
905
904
899
903
903
899
903
900
903
901
903
902
903
899
900
903
903
900
900
900
903
901
901
901
903
902
902
902
903
903
900
902
902
900
900
900
902
901
901
901
902
902
900
901
901
900
901
900
907
924
924
907
907
907
924
908
908
908
924
909
909
909
924
910
910
910
924
911
911
911
924
912
912
912
924
913
913
913
924
914
914
914
924
915
915
915
924
916
916
916
924
917
917
917
924
918
918
918
924
919
919
919
924
920
920
920
924
921
921
921
924
922
922
922
924
923
923
923
924
924
907
923
923
907
923
908
923
909
923
910
923
911
923
912
923
913
923
914
923
915
923
916
923
917
923
918
923
919
923
920
923
921
923
922
923
907
908
923
923
908
908
908
923
909
923
910
910
909
923
911
923
912
923
913
913
910
923
914
914
911
923
915
923
916
916
912
923
917
923
918
923
919
923
920
923
921
921
913
923
922
922
914
923
915
908
914
914
908
914
909
914
910
914
911
914
912
914
913
914
908
909
914
914
909
914
910
910
909
914
911
911
910
914
912
914
913
913
911
914
912
909
911
911
909
909
909
911
910
910
910
911
911
909
910
910
909
910
909
913
914
914
913
914
913
916
923
923
916
923
917
923
918
923
919
923
920
920
916
923
921
923
922
923
917
918
923
923
918
923
919
923
920
923
921
923
922
923
918
919
923
923
919
919
919
923
920
920
920
923
921
923
922
922
921
923
922
919
921
921
919
921
920
921
919
920
921
921
920
921
920
926
1023
1023
926
1023
927
1023
928
1023
929
1023
930
1023
931
1023
932
1023
933
933
926
1023
934
934
927
1023
935
1023
936
1023
937
1023
938
1023
939
1023
940
1023
941
1023
942
1023
943
1023
944
1023
945
1023
946
1023
947
947
928
1023
948
948
929
1023
949
1023
950
1023
951
1023
952
1023
953
1023
954
1023
955
955
930
1023
956
1023
957
957
931
1023
958
1023
959
1023
960
1023
961
1023
962
1023
963
1023
964
1023
965
1023
966
1023
967
967
932
1023
968
1023
969
1023
970
1023
971
971
933
1023
972
1023
973
1023
974
1023
975
1023
976
1023
977
1023
978
1023
979
1023
980
1023
981
1023
982
1023
983
1023
984
1023
985
1023
986
1023
987
1023
988
1023
989
1023
990
1023
991
1023
992
1023
993
1023
994
1023
995
995
934
1023
996
996
935
1023
997
1023
998
1023
999
1023
1000
1023
1001
1023
1002
1002
936
1023
1003
1023
1004
1023
1005
1023
1006
1023
1007
1023
1008
1008
937
1023
1009
1009
938
1023
1010
1023
1011
1023
1012
1012
939
1023
1013
1023
1014
1023
1015
1023
1016
1023
1017
1017
940
1023
1018
1023
1019
1023
1020
1023
1021
1023
1022
1023
941
926
940
940
926
940
927
940
928
940
929
940
930
940
931
940
932
940
933
940
934
940
935
940
936
940
937
940
938
938
926
940
939
940
927
928
940
940
928
940
929
929
928
940
930
940
931
940
932
932
929
940
933
933
930
940
934
934
931
940
935
935
932
940
936
940
937
940
938
940
939
939
933
940
934
928
933
933
928
933
929
933
930
930
928
933
931
931
929
933
932
932
930
933
931
928
930
930
928
928
928
930
929
929
929
930
930
928
929
929
928
929
928
932
933
933
932
933
932
935
940
940
935
940
936
936
935
940
937
940
938
940
939
939
936
940
937
935
936
936
935
935
935
936
936
938
940
940
938
940
939
940
938
939
940
940
939
939
939
940
940
942
1023
1023
942
942
942
1023
943
943
943
1023
944
944
944
1023
945
945
945
1023
946
946
946
1023
947
947
947
1023
948
948
948
1023
949
949
949
1023
950
950
950
1023
951
951
951
1023
952
952
952
1023
953
953
953
1023
954
954
954
1023
955
955
955
1023
956
956
956
1023
957
957
957
1023
958
958
958
1023
959
959
959
1023
960
960
960
1023
961
961
961
1023
962
962
962
1023
963
963
963
1023
964
964
964
1023
965
965
965
1023
966
966
966
1023
967
967
967
1023
968
968
968
1023
969
969
969
1023
970
970
970
1023
971
971
971
1023
972
972
972
1023
973
973
973
1023
974
974
974
1023
975
975
975
1023
976
976
976
1023
977
977
977
1023
978
978
978
1023
979
979
979
1023
980
980
980
1023
981
981
981
1023
982
982
982
1023
983
983
983
1023
984
984
984
1023
985
985
985
1023
986
986
986
1023
987
987
987
1023
988
988
988
1023
989
989
989
1023
990
990
990
1023
991
991
991
1023
992
992
992
1023
993
993
993
1023
994
994
994
1023
995
995
995
1023
996
996
996
1023
997
997
997
1023
998
998
998
1023
999
999
999
1023
1000
1000
1000
1023
1001
1001
1001
1023
1002
1002
1002
1023
1003
1003
1003
1023
1004
1004
1004
1023
1005
1005
1005
1023
1006
1006
1006
1023
1007
1007
1007
1023
1008
1008
1008
1023
1009
1009
1009
1023
1010
1010
1010
1023
1011
1011
1011
1023
1012
1012
1012
1023
1013
1013
1013
1023
1014
1014
1014
1023
1015
1015
1015
1023
1016
1016
1016
1023
1017
1017
1017
1023
1018
1018
1018
1023
1019
1019
1019
1023
1020
1020
1020
1023
1021
1021
1021
1023
1022
1022
1022
1023
1023
942
1022
1022
942
1022
943
1022
944
1022
945
1022
946
1022
947
1022
948
1022
949
1022
950
1022
951
1022
952
1022
953
953
942
1022
954
1022
955
1022
956
1022
957
1022
958
1022
959
959
943
1022
960
1022
961
1022
962
1022
963
1022
964
1022
965
1022
966
1022
967
1022
968
1022
969
1022
970
1022
971
1022
972
1022
973
1022
974
1022
975
1022
976
1022
977
1022
978
1022
979
1022
980
1022
981
1022
982
1022
983
1022
984
1022
985
1022
986
1022
987
987
944
1022
988
1022
989
1022
990
1022
991
991
945
1022
992
1022
993
1022
994
1022
995
1022
996
996
946
1022
997
1022
998
1022
999
1022
1000
1022
1001
1022
1002
1022
1003
1003
947
1022
1004
1022
1005
1022
1006
1006
948
1022
1007
1022
1008
1022
1009
1022
1010
1022
1011
1022
1012
1022
1013
1022
1014
1022
1015
1022
1016
1022
1017
1022
1018
1022
1019
1019
949
1022
1020
1022
1021
1022
950
942
949
949
942
942
942
949
943
943
943
949
944
944
944
949
945
949
946
946
945
949
947
947
946
949
948
948
947
949
948
942
947
947
942
942
942
947
943
947
944
944
943
947
945
945
944
947
946
947
945
942
944
944
942
942
942
944
943
943
943
944
944
942
943
943
942
942
942
943
943
946
947
947
946
947
946
951
1022
1022
951
951
951
1022
952
952
952
1022
953
953
953
1022
954
954
954
1022
955
955
955
1022
956
1022
957
1022
958
1022
959
1022
960
1022
961
961
956
1022
962
962
957
1022
963
1022
964
1022
965
965
958
1022
966
966
959
1022
967
1022
968
1022
969
1022
970
1022
971
971
960
1022
972
1022
973
1022
974
1022
975
975
961
1022
976
1022
977
977
962
1022
978
1022
979
979
963
1022
980
980
964
1022
981
1022
982
982
965
1022
983
1022
984
984
966
1022
985
985
967
1022
986
986
968
1022
987
1022
988
988
969
1022
989
1022
990
990
970
1022
991
991
971
1022
992
1022
993
1022
994
1022
995
995
972
1022
996
996
973
1022
997
997
974
1022
998
1022
999
999
975
1022
1000
1022
1001
1022
1002
1022
1003
1003
976
1022
1004
1004
977
1022
1005
1022
1006
1006
978
1022
1007
1007
979
1022
1008
1022
1009
1022
1010
1022
1011
1022
1012
1012
980
1022
1013
1022
1014
1022
1015
1015
981
1022
1016
1022
1017
1017
982
1022
1018
1022
1019
1022
1020
1020
983
1022
1021
1022
984
951
983
983
951
983
952
952
951
983
953
983
954
983
955
955
952
983
956
956
953
983
957
957
954
983
958
958
955
983
959
983
960
960
956
983
961
961
957
983
962
962
958
983
963
963
959
983
964
964
960
983
965
965
961
983
966
966
962
983
967
967
963
983
968
968
964
983
969
969
965
983
970
970
966
983
971
971
967
983
972
972
968
983
973
973
969
983
974
974
970
983
975
975
971
983
976
976
972
983
977
983
978
978
973
983
979
979
974
983
980
983
981
981
975
983
982
982
976
983
977
951
976
976
951
951
951
976
952
976
953
976
954
976
955
976
956
976
957
976
958
958
952
976
959
976
960
976
961
976
962
976
963
976
964
976
965
976
966
976
967
976
968
976
969
976
970
976
971
976
972
976
973
976
974
976
975
976
953
951
952
952
951
952
951
954
976
976
954
976
955
976
956
976
957
976
958
958
954
976
959
976
960
976
961
976
962
976
963
976
964
976
965
965
955
976
966
976
967
976
968
976
969
976
970
976
971
976
972
976
973
973
956
976
974
974
957
976
975
976
958
954
957
957
954
957
955
955
954
957
956
957
955
956
957
957
956
956
956
957
957
959
976
976
959
959
959
976
960
976
961
976
962
976
963
976
964
976
965
976
966
976
967
976
968
976
969
976
970
976
971
976
972
976
973
973
960
976
974
976
975
976
961
959
960
960
959
959
959
960
960
962
976
976
962
976
963
963
962
976
964
976
965
965
963
976
966
966
964
976
967
967
965
976
968
976
969
976
970
976
971
976
972
972
966
976
973
976
974
976
975
976
967
962
966
966
962
966
963
963
962
966
964
964
963
966
965
965
964
966
965
962
964
964
962
964
963
963
962
964
963
968
976
976
968
976
969
969
968
976
970
970
969
976
971
971
970
976
972
972
971
976
973
973
972
976
974
974
973
976
975
976
974
968
973
973
968
973
969
969
968
973
970
970
969
973
971
971
970
973
972
973
971
968
970
970
968
968
968
970
969
969
969
970
970
968
969
969
968
968
968
969
969
972
973
973
972
972
972
973
973
975
976
976
975
976
975
978
983
983
978
978
978
983
979
979
979
983
980
980
980
983
981
981
981
983
982
982
982
983
983
978
982
982
978
978
978
982
979
979
979
982
980
980
980
982
981
981
981
982
982
978
981
981
978
981
979
981
980
980
978
981
979
980
981
981
980
980
980
981
981
985
1022
1022
985
1022
986
1022
987
1022
988
988
985
1022
989
989
986
1022
990
1022
991
1022
992
992
987
1022
993
993
988
1022
994
994
989
1022
995
995
990
1022
996
996
991
1022
997
1022
998
998
992
1022
999
1022
1000
1000
993
1022
1001
1022
1002
1002
994
1022
1003
1003
995
1022
1004
1022
1005
1005
996
1022
1006
1006
997
1022
1007
1007
998
1022
1008
1022
1009
1009
999
1022
1010
1010
1000
1022
1011
1022
1012
1022
1013
1013
1001
1022
1014
1014
1002
1022
1015
1015
1003
1022
1016
1016
1004
1022
1017
1022
1018
1018
1005
1022
1019
1019
1006
1022
1020
1020
1007
1022
1021
1021
1008
1022
1009
985
1008
1008
985
985
985
1008
986
986
986
1008
987
987
987
1008
988
988
988
1008
989
989
989
1008
990
1008
991
991
990
1008
992
992
991
1008
993
1008
994
994
992
1008
995
1008
996
996
993
1008
997
997
994
1008
998
998
995
1008
999
999
996
1008
1000
1000
997
1008
1001
1001
998
1008
1002
1002
999
1008
1003
1003
1000
1008
1004
1004
1001
1008
1005
1005
1002
1008
1006
1006
1003
1008
1007
1007
1004
1008
1005
985
1004
1004
985
1004
986
986
985
1004
987
987
986
1004
988
988
987
1004
989
989
988
1004
990
1004
991
991
989
1004
992
992
990
1004
993
1004
994
994
991
1004
995
995
992
1004
996
996
993
1004
997
1004
998
998
994
1004
999
1004
1000
1004
1001
1001
995
1004
1002
1002
996
1004
1003
1003
997
1004
998
985
997
997
985
997
986
986
985
997
987
997
988
988
986
997
989
997
990
997
991
991
987
997
992
997
993
993
988
997
994
997
995
997
996
996
989
997
990
985
989
989
985
989
986
989
987
987
985
989
988
988
986
989
987
985
986
986
985
986
985
988
989
989
988
989
988
991
997
997
991
997
992
997
993
997
994
997
995
997
996
997
991
992
997
997
992
992
992
997
993
993
993
997
994
994
994
997
995
995
995
997
996
996
996
997
997
992
996
996
992
992
992
996
993
996
994
996
995
996
993
994
996
996
994
994
994
996
995
995
995
996
996
994
995
995
994
994
994
995
995
999
1004
1004
999
999
999
1004
1000
1000
1000
1004
1001
1001
1001
1004
1002
1004
1003
1004
1002
999
1001
1001
999
1001
1000
1000
999
1001
1000
1003
1004
1004
1003
1003
1003
1004
1004
1006
1008
1008
1006
1008
1007
1008
1006
1007
1008
1008
1007
1008
1007
1010
1022
1022
1010
1022
1011
1022
1012
1012
1010
1022
1013
1022
1014
1022
1015
1022
1016
1022
1017
1017
1011
1022
1018
1018
1012
1022
1019
1022
1020
1022
1021
1021
1013
1022
1014
1010
1013
1013
1010
1010
1010
1013
1011
1011
1011
1013
1012
1012
1012
1013
1013
1010
1012
1012
1010
1012
1011
1012
1010
1011
1012
1012
1011
1011
1011
1012
1012
1015
1022
1022
1015
1015
1015
1022
1016
1022
1017
1017
1016
1022
1018
1022
1019
1019
1017
1022
1020
1022
1021
1021
1018
1022
1019
1015
1018
1018
1015
1015
1015
1018
1016
1016
1016
1018
1017
1017
1017
1018
1018
1015
1017
1017
1015
1017
1016
1016
1015
1017
1016
1020
1022
1022
1020
1020
1020
1022
1021
1021
1021
1022
1022
1020
1021
1021
1020
1021
1020
